AVG,AVG_adj,BB,BB9,BB9_adj,ERA,ERA_adj,G,HLD,HR,HR_adj,IP,K9,K9_adj,L,OPS,OPS_adj,PA,RBI,SO,SV,W,WHIP,WHIP_adj,age,player,prev_league,raw_stats,role,season,section,team
,,30.0,1.6770186335403727,,3.3,,29.0,,,,161.0,8.608695652173912,,8.0,,,,,154.0,,11.0,1.24,,35.0,Ko Young-pyo,,"3.30 ERA, 29 G, 11 W, 8 L, 161.0 IP, 30 BB, 154 SO, 1.24 WHIP (FA in '28)",Starter,2026,Pitchers,KT Wiz
,,29.0,1.7743031951053705,,3.3,,26.0,,,,147.1,7.52549286199864,,7.0,,,,,123.0,1.0,10.0,1.25,,25.0,So Hyeong-jun,,"3.30 ERA, 26 G, 10 W, 7 L, 1 SV, 147.1 IP, 29 BB, 123 SO, 1.25 WHIP",Starter,2026,Pitchers,KT Wiz
,,52.0,3.542770628311885,,3.67,,25.0,,,,132.1,7.698713096139289,,8.0,,,,,113.0,,11.0,1.38,,25.0,Oh Won-seok,,"3.67 ERA, 25 G, 11 W, 8 L, 132.1 IP, 52 BB, 113 SO, 1.38 WHIP",Starter,2026,Pitchers,KT Wiz
,,8.0,1.565217391304348,,6.37,,10.0,,,,46.0,4.695652173913044,,1.0,,,,,24.0,,2.0,1.45,,26.0,Matt Sauer,,"6.37 ERA, 10G, 2W, 1L, 46 IP, 8 BB, 24 SO, 1.45 WHIP",Starter,2026,Pitchers,KT Wiz
,,14.0,2.909930715935335,,6.02,,25.0,,,,43.3,8.521939953810625,,0.0,,,,,41.0,,0.0,1.57,,32.0,Caleb Boushley,MLB,"6.02 ERA, 25G, 0W, 0L, 43.3 IP, 14 BB, 41 SO, 1.57 WHIP (MLB)",Starter,2026,Pitchers,KT Wiz
,,3.0,0.6122448979591837,,2.44,,53.0,9.0,,,44.1,4.8979591836734695,,2.0,,,,,24.0,,1.0,1.08,,41.0,Wu Kyu-min,,"2.44 ERA, 53 G, 1 W, 2 L, 9 HLD, 44.1 IP, 3 BB, 24 SO, 1.08 WHIP (FA in '26)",Bullpen,2026,Pitchers,KT Wiz
,,9.0,1.8793503480278422,,2.49,,41.0,5.0,,,43.1,7.099767981438515,,0.0,,,,,34.0,,3.0,0.92,,31.0,Lee Sang-dong,,"2.49 ERA, 41 G, 3 W, 0 L, 5 HLD, 43.1 IP, 9 BB, 34 SO, 0.92 WHIP",Bullpen,2026,Pitchers,KT Wiz
,,7.0,4.772727272727273,,3.95,,21.0,4.0,,,13.2,7.5,,1.0,,,,,11.0,,0.0,1.83,,26.0,Jeon Yong-ju,,"3.95 ERA, 21 G, 0 W, 1 L, 4 HLD, 13.2 IP, 7 BB, 11 SO, 1.83 WHIP",Bullpen,2026,Pitchers,KT Wiz
,,13.0,2.9104477611940296,,4.43,,34.0,,,,40.2,4.253731343283582,,1.0,,,,,19.0,,0.0,1.5,,31.0,Ju Kwon,,"4.43 ERA, 34 G, 0 W, 1 L, 40.2 IP, 13 BB, 19 SO, 1.50 WHIP (FA in '27)",Bullpen,2026,Pitchers,KT Wiz
,,15.0,2.586206896551724,,4.96,,58.0,11.0,,,52.2,6.206896551724138,,3.0,,,,,36.0,,4.0,1.48,,34.0,Kim Min-su,,"4.96 ERA, 58 G, 4 W, 3 L, 11 HLD, 52.2 IP, 15 BB, 36 SO, 1.48 WHIP (FA in '26)",Bullpen,2026,Pitchers,KT Wiz
,,35.0,5.526315789473684,,5.21,,52.0,14.0,,,57.0,7.105263157894737,,3.0,,,,,45.0,,0.0,1.6,,22.0,Won Sang-hyun,,"5.21 ERA, 52 G, 0 W, 3 L, 14 HLD, 57.0 IP, 35 BB, 45 SO, 1.60 WHIP",Bullpen,2026,Pitchers,KT Wiz
,,12.0,1.8556701030927834,,3.84,,58.0,13.0,,,58.2,8.505154639175258,,0.0,,,,,55.0,1.0,5.0,1.33,,25.0,Son Dong-hyun,,"3.84 ERA, 58 G, 5 W, 0 L, 1 SV, 13 HLD, 58.2 IP, 12 BB, 55 SO, 1.33 WHIP",Setup,2026,Pitchers,KT Wiz
,,34.0,4.434782608695652,,3.39,,67.0,1.0,,,69.0,10.043478260869565,,6.0,,,,,77.0,35.0,5.0,1.48,,23.0,Park Yeong-hyun,,"3.39 ERA, 67 G, 5 W, 6 L, 35 SV, 1 HLD, 69.0 IP, 34 BB, 77 SO, 1.48 WHIP",Closer,2026,Pitchers,KT Wiz
0.247,,55.0,,,,,129.0,,14.0,,,,,,0.713,,480.0,58.0,96.0,,,,,36.0,Jang Sung-woo,,".247 AVG, 129 G, 480 PA, 14 HR, 58 RBI, 55 BB, 96 SO, .713 OPS",Catcher,2026,Batters,KT Wiz
0.196,,10.0,,,,,20.0,,2.0,,,,,,0.74,,61.0,3.0,23.0,,,,,31.0,Samuel Hilliard,MLB,".196 AVG, 20G, 61 PA, 2HR, 3RBI, 10BB, 23 SO, .740 OPS (MLB)",1B,2026,Batters,KT Wiz
0.254,,52.0,,,,,113.0,,5.0,,,,,,0.684,,423.0,47.0,57.0,,,,,36.0,Kim Sang-su,,".254 AVG, 113 G, 423 PA, 5 HR, 47 RBI, 52 BB, 57 SO, .684 OPS (FA in '26)",2B,2026,Batters,KT Wiz
0.283,,39.0,,,,,114.0,,4.0,,,,,,0.717,,481.0,44.0,35.0,,,,,36.0,Heo Gyeong-min,,".283 AVG, 114 G, 481 PA, 4 HR, 44 RBI, 39 BB, 35 SO, .717 OPS",3B,2026,Batters,KT Wiz
0.207,,8.0,,,,,73.0,,1.0,,,,,,0.498,,154.0,11.0,27.0,,,,,31.0,Jang Jun-won,,".207 AVG, 73 G, 154 PA, 1 HR, 11 RBI, 8 BB, 27 SO, .498 OPS",SS,2026,Batters,KT Wiz
0.287,,25.0,,,,,106.0,,0.0,,,,,,0.67,,417.0,35.0,41.0,,,,,31.0,Kim Min-hyuck,,".287 AVG, 106 G, 417 PA, 0 HR, 35 RBI, 25 BB, 41 SO, .670 OPS",LF,2026,Batters,KT Wiz
0.242,,23.0,,,,,126.0,,6.0,,,,,,0.621,,449.0,44.0,71.0,,,,,29.0,Choi Won-jun,,".242 AVG, 126 G, 449 PA, 6 HR, 44 RBI, 23 BB, 71 SO, .621 OPS (FA in '29)",CF,2026,Batters,KT Wiz
0.334,,75.0,,,,,112.0,,22.0,,,,,,1.018,,482.0,80.0,72.0,,,,,23.0,Ahn Hyun-min,,".334 AVG, 112 G, 482 PA, 22 HR, 80 RBI, 75 BB, 72 SO, 1.018 OPS",RF,2026,Batters,KT Wiz
0.298,,64.0,,,,,140.0,,12.0,,,,,,0.806,,552.0,90.0,73.0,,,,,38.0,Kim Hyun-soo,,".298 AVG, 140 G, 552 PA, 12 HR, 90 RBI, 64 BB, 73 SO, .806 OPS",DH,2026,Batters,KT Wiz
,,27.0,1.4620938628158846,,3.24,,27.0,,,,166.2,5.848375451263538,,4.0,,,,,108.0,,12.0,1.1,,26.0,Won Tae-in,,"3.24 ERA, 27 G, 12 W, 4 L, 166.2 IP, 27 BB, 108 SO, 1.10 WHIP (FA in '26)",Starter,2026,Pitchers,Samsung Lions
,,51.0,3.6986301369863015,,4.92,,27.0,,,,124.1,7.90491539081386,,7.0,,,,,109.0,,8.0,1.44,,29.0,Choi Won-tae,,"4.92 ERA, 27 G, 8 W, 7 L, 124.1 IP, 51 BB, 109 SO, 1.44 WHIP",Starter,2026,Pitchers,Samsung Lions
,,12.0,3.913043478260869,,4.88,,5.0,,,,27.6,7.5,,1.0,,,,,23.0,,0.0,1.55,,27.0,Matt Manning,MLB,"4.88 ERA, 5G, 0W, 1L, 27.6 IP, 12 BB, 23 SO, 1.55 WHIP (MLB)",Starter,2026,Pitchers,Samsung Lions
,,36.0,1.6438356164383563,,2.6,,30.0,,,,197.1,6.4840182648401825,,8.0,,,,,142.0,,15.0,1.08,,28.0,Jurado,,"2.60 ERA, 30 G, 15 W, 8 L, 197.1 IP, 36 BB, 142 SO, 1.08 WHIP",Starter,2026,Pitchers,Samsung Lions
,,46.0,4.094955489614244,,5.42,,25.0,,,,101.1,6.587537091988131,,9.0,,,,,74.0,,4.0,1.65,,24.0,Lee Seung-hyun,,"5.42 ERA, 25 G, 4 W, 9 L, 101.1 IP, 46 BB, 74 SO, 1.65 WHIP",Starter,2026,Pitchers,Samsung Lions
,,34.0,6.047430830039525,,3.91,,65.0,,,,50.6,10.138339920948617,,3.0,,,,,57.0,,2.0,1.66,,33.0,Bae Chan-seung,,"3.91 ERA, 65 G, 2 W, 3 L, 50.6 IP, 34 BB, 57 SO, 1.66 WHIP",Bullpen,2026,Pitchers,Samsung Lions
,,26.0,3.6391912908242614,,3.78,,62.0,,,,64.3,7.418351477449456,,2.0,,,,,53.0,,3.0,1.35,,25.0,Lee Seung-min,,"3.78 ERA, 62 G, 3 W, 2 L, 64.3 IP, 26 BB, 53 SO, 1.35 WHIP",Bullpen,2026,Pitchers,Samsung Lions
,,19.0,2.7142857142857144,,3.43,,33.0,,,,63.0,6.428571428571429,,3.0,,,,,45.0,,3.0,1.37,,26.0,Yang Chang-sup,,"3.43 ERA, 33 G, 3 W, 3 L, 63 IP, 19 BB, 45 SO, 1.37 WHIP",Bullpen,2026,Pitchers,Samsung Lions
,,7.0,1.9504643962848298,,1.95,,29.0,,,,32.3,8.637770897832818,,0.0,,,,,31.0,,2.0,0.8,,38.0,Back Jeong-hyun,,"1.95 ERA, 29 G, 2 W, 0 L, 32.3 IP, 7 BB, 31 SO, 0.80 WHIP",Bullpen,2026,Pitchers,Samsung Lions
,,24.0,7.5524475524475525,,5.34,,27.0,,,,28.6,5.979020979020978,,1.0,,,,,19.0,,0.0,1.64,,20.0,Yook Seon-yup,,"5.34 ERA, 27 G, 0 W, 1 L, 28.6 IP, 24 BB, 19 SO, 1.64 WHIP",Bullpen,2026,Pitchers,Samsung Lions
,,11.0,2.7808988764044944,,6.31,,42.0,,,,35.6,7.331460674157303,,1.0,,,,,29.0,,2.0,1.51,,34.0,Lee Seung-hyunb,,"6.31 ERA, 42 G, 2 W, 1 L, 35.6 IP, 11 BB, 29 SO, 1.51 WHIP",Bullpen,2026,Pitchers,Samsung Lions
,,29.0,4.7368421052631575,,6.34,,58.0,3.0,,,55.1,11.270417422867514,,4.0,,,,,69.0,9.0,7.0,1.5,,22.0,Lee Ho-seong,,"6.34 ERA, 58 G, 7 W, 4 L, 9 SV, 3 HLD, 55.1 IP, 29 BB, 69 SO, 1.50 WHIP",Setup,2026,Pitchers,Samsung Lions
,,13.0,2.0454545454545454,,4.99,,63.0,3.0,,,57.2,6.765734265734266,,7.0,,,,,43.0,13.0,4.0,1.21,,36.0,Kim Jae-yoon,,"4.99 ERA, 63 G, 4 W, 7 L, 13 SV, 3 HLD, 57.2 IP, 13 BB, 43 SO, 1.21 WHIP",Closer,2026,Pitchers,Samsung Lions
0.269,,38.0,,,,,127.0,,12.0,,,,,,0.753,,,71.0,69.0,,,,,41.0,Kang Min-ho,,".269 AVG, 127 G, 12 HR, 71 RBI, 38 BB, 69 SO, .753 OPS",Catcher,2026,Batters,Samsung Lions
0.314,,60.0,,,,,144.0,,50.0,,,,,,1.025,,,158.0,100.0,,,,,28.0,Diaz,,".314 AVG, 144 G, 50 HR, 158 RBI, 60 BB, 100 SO, 1.025 OPS",1B,2026,Batters,Samsung Lions
0.28,,33.0,,,,,129.0,,1.0,,,,,,0.674,,,37.0,73.0,,,,,32.0,Ryu Ji-hyeok,,".280 AVG, 129 G, 1 HR, 37 RBI, 33 BB, 73 SO, .674 OPS",2B,2026,Batters,Samsung Lions
0.249,,48.0,,,,,125.0,,22.0,,,,,,0.778,,,72.0,143.0,,,,,23.0,Kim Young-woong,,".249 AVG, 125 G, 22 HR, 72 RBI, 48 BB, 143 SO, .778 OPS",3B,2026,Batters,Samsung Lions
0.254,,69.0,,,,,139.0,,16.0,,,,,,0.787,,,67.0,119.0,,,,,23.0,Lee Jae-hyun,,".254 AVG, 139 G, 16 HR, 67 RBI, 69 BB, 119 SO, .787 OPS",SS,2026,Batters,Samsung Lions
0.319,,73.0,,,,,142.0,,19.0,,,,,,0.918,,,96.0,91.0,,,,,33.0,Koo Ja-wook,,".319 AVG, 142 G, 19 HR, 96 RBI, 73 BB, 91 SO, .918 OPS (FA in '26)",LF,2026,Batters,Samsung Lions
0.331,,65.0,,,,,127.0,,6.0,,,,,,0.893,,,61.0,54.0,,,,,27.0,Kim Seong-yoon,,".331 AVG, 127 G, 6 HR, 61 RBI, 65 BB, 54 SO, .893 OPS",CF,2026,Batters,Samsung Lions
0.287,,21.0,,,,,64.0,,6.0,,,,,,0.797,,,14.0,43.0,,,,,26.0,Park Seung-gyu,,".287 AVG, 64 G, 6 HR, 14 RBI, 21 BB, 43 SO, .797 OPS",RF,2026,Batters,Samsung Lions
0.307,,67.0,,,,,133.0,,24.0,,,,,,0.928,,549.0,86.0,98.0,,,,,43.0,Choi Hyoung-woo,,".307 AVG, 133 G, 549 PA, 24 HR, 86 RBI, 67 BB, 98 SO, .928 OPS",DH,2026,Batters,Samsung Lions
,,25.0,1.6175413371675054,,3.23,,26.0,,,,139.1,7.893601725377427,,7.0,,,,,122.0,,9.0,1.21,,39.0,Ryu Hyun-jin,,"3.23 ERA, 26 G, 9 W, 7 L, 139.1 IP, 25 BB, 122 SO, 1.21 WHIP",Starter,2026,Pitchers,Hanwha Eagles
,,31.0,2.3057851239669422,,4.02,,24.0,,,,121.0,10.041322314049587,,5.0,,,,,135.0,,11.0,1.18,,23.0,Moon Dong-ju,,"4.02 ERA, 24 G, 11 W, 5 L, 121.0 IP, 31 BB, 135 SO, 1.18 WHIP",Starter,2026,Pitchers,Hanwha Eagles
,,38.0,4.2643391521197005,,6.58,,28.0,,,,80.2,8.30423940149626,,7.0,,,,,74.0,,2.0,1.79,,30.0,Eom Sang-baek,,"6.58 ERA, 28 G, 2 W, 7 L, 80.2 IP, 38 BB, 74 SO, 1.79 WHIP",Starter,2026,Pitchers,Hanwha Eagles
,,44.0,3.4706397896581946,,4.8,,34.0,,,,114.1,7.57230499561788,,7.0,,,,,96.0,,3.0,1.43,,26.0,Wilkel Hernandez,AAA,"4.80 ERA, 34G, 3W, 7L, 114.1 IP, 44 BB, 96 SO, 1.43 WHIP (AAA)",Starter,2026,Pitchers,Hanwha Eagles
,,3.0,3.857142857142857,,9.0,,3.0,,,,7.0,7.714285714285714,,0.0,,,,,6.0,,0.0,2.43,,26.0,Owen White,MLB,"9.00 ERA, 3G, 0W, 0L, 7IP, 3BB, 6 SO, 2.43 WHIP (MLB)",Starter,2026,Pitchers,Hanwha Eagles
,,29.0,4.35,,4.05,,68.0,5.0,,,60.0,6.45,,3.0,,,,,43.0,2.0,3.0,1.77,,22.0,Jo Dong-wook,,"4.05 ERA, 68 G, 3 W, 3 L, 2 SV, 5 HLD, 60.0 IP, 29 BB, 43 SO, 1.77 WHIP",Bullpen,2026,Pitchers,Hanwha Eagles
,,26.0,4.178571428571429,,5.3,,23.0,,,,56.0,9.160714285714286,,8.0,,,,,57.0,,2.0,1.43,,21.0,Hwang Jun-seo,,"5.30 ERA, 23 G, 2 W, 8 L, 56.0 IP, 26 BB, 57 SO, 1.43 WHIP",Bullpen,2026,Pitchers,Hanwha Eagles
,,36.0,5.1265822784810124,,3.25,,63.0,5.0,,,63.2,8.401898734177214,,5.0,,,,,59.0,,4.0,1.46,,32.0,Kim Jong-su,,"3.25 ERA, 63 G, 4 W, 5 L, 5 HLD, 63.2 IP, 36 BB, 59 SO, 1.46 WHIP",Bullpen,2026,Pitchers,Hanwha Eagles
,,21.0,3.552631578947368,,2.85,,51.0,3.0,,,53.2,13.872180451127818,,0.0,,,,,82.0,,3.0,1.02,,20.0,Jung Woo-ju,,"2.85 ERA, 51 G, 3 W, 0 L, 3 HLD, 53.2 IP, 21 BB, 82 SO, 1.02 WHIP",Bullpen,2026,Pitchers,Hanwha Eagles
,,21.0,2.8549848942598186,,4.19,,74.0,16.0,,,66.2,7.069486404833836,,3.0,,,,,52.0,,4.0,1.32,,32.0,Park Sang-won,,"4.19 ERA, 74 G, 4 W, 3 L, 16 HLD, 66.2 IP, 21 BB, 52 SO, 1.32 WHIP (FA in '26)",Bullpen,2026,Pitchers,Hanwha Eagles
,,10.0,2.1844660194174756,,5.18,,48.0,3.0,,,41.2,8.08252427184466,,2.0,,,,,37.0,1.0,5.0,1.66,,34.0,Ju Hyun-sang,,"5.18 ERA, 48 G, 5 W, 2 L, 1 SV, 3 HLD, 41.2 IP, 10 BB, 37 SO, 1.66 WHIP",Bullpen,2026,Pitchers,Hanwha Eagles
,,23.0,3.234375,,2.25,,71.0,16.0,,,64.0,7.453125,,3.0,,,,,53.0,3.0,3.0,1.23,,33.0,Han Seung-hyuk,,"2.25 ERA, 71 G, 3 W, 3 L, 3 SV, 16 HLD, 64.0 IP, 23 BB, 53 SO, 1.23 WHIP (FA in '26)",Setup,2026,Pitchers,Hanwha Eagles
,,31.0,4.2272727272727275,,3.14,,69.0,2.0,,,66.0,9.681818181818182,,4.0,,,,,71.0,33.0,2.0,1.26,,22.0,Kim Seo-hyun,,"3.14 ERA, 69 G, 2 W, 4 L, 33 SV, 2 HLD, 66.0 IP, 31 BB, 71 SO, 1.26 WHIP",Closer,2026,Pitchers,Hanwha Eagles
0.286,,46.0,,,,,121.0,,1.0,,,,,,0.767,,348.0,35.0,48.0,,,,,37.0,Choi Jae-hoon,,".286 AVG, 121 G, 348 PA, 1 HR, 35 RBI, 46 BB, 48 SO, .767 OPS (FA in '26)",Catcher,2026,Batters,Hanwha Eagles
0.288,,31.0,,,,,132.0,,19.0,,,,,,0.814,,527.0,88.0,96.0,,,,,36.0,Chae Eun-seong,,".288 AVG, 132 G, 527 PA, 19 HR, 88 RBI, 31 BB, 96 SO, .814 OPS",1B,2026,Batters,Hanwha Eagles
0.297,,12.0,,,,,95.0,,4.0,,,,,,0.728,,305.0,28.0,66.0,,,,,32.0,Ha Ju-suk,,".297 AVG, 95 G, 305 PA, 4 HR, 28 RBI, 12 BB, 66 SO, .728 OPS",2B,2026,Batters,Hanwha Eagles
0.26,,70.0,,,,,144.0,,32.0,,,,,,0.851,,624.0,101.0,125.0,,,,,26.0,Roh Si-hwan,,".260 AVG, 144 G, 624 PA, 32 HR, 101 RBI, 70 BB, 125 SO, .851 OPS (FA in '26)",3B,2026,Batters,Hanwha Eagles
0.231,,17.0,,,,,94.0,,2.0,,,,,,0.587,,275.0,22.0,49.0,,,,,31.0,Sim Woo-jun,,".231 AVG, 94 G, 275 PA, 2 HR, 22 RBI, 17 BB, 49 SO, .587 OPS",SS,2026,Batters,Hanwha Eagles
0.32,,38.0,,,,,141.0,,12.0,,,,,,0.823,,592.0,80.0,82.0,,,,,22.0,Moon Hyun-bin,,".320 AVG, 141 G, 592 PA, 12 HR, 80 RBI, 38 BB, 82 SO, .823 OPS",LF,2026,Batters,Hanwha Eagles
0.275,,63.0,,,,,122.0,,24.0,,,,,,0.85,,522.0,70.0,129.0,,,,,,Yonathan Perlaza,KBO,".275 AVG, 122 G, 522 PA, 24 HR, 70 RBI, 63 BB, 129 SO, .850 OPS (KBO)",CF,2026,Batters,Hanwha Eagles
0.265,,44.0,,,,,95.0,,15.0,,,,,,0.825,,369.0,61.0,64.0,,,,,27.0,Kang Baek-ho,,".265 AVG, 95 G, 369 PA, 15 HR, 61 RBI, 44 BB, 64 SO, .825 OPS",RF,2026,Batters,Hanwha Eagles
0.261,,23.0,,,,,120.0,,3.0,,,,,,0.669,,340.0,20.0,62.0,,,,,27.0,Kim Tae-yeon,,".261 AVG, 120 G, 340 PA, 3 HR, 20 RBI, 23 BB, 62 SO, .669 OPS",DH,2026,Batters,Hanwha Eagles
,,50.0,3.125,,5.0,,28.0,,,,144.0,8.625,,10.0,,,,,138.0,,10.0,1.49,,38.0,Kim Kwang-hyun,,"5.00 ERA, 28 G, 10 W, 10 L, 144.0 IP, 50 BB, 138 SO, 1.49 WHIP",Starter,2026,Pitchers,SSG Landers
,,49.0,6.681818181818182,,3.82,,35.0,2.0,,,66.0,9.272727272727273,,4.0,,,,,68.0,,5.0,1.55,,24.0,Kim Geon-woo,,"3.82 ERA, 35 G, 5 W, 4 L, 2 HLD, 66.0 IP, 49 BB, 68 SO, 1.55 WHIP",Starter,2026,Pitchers,SSG Landers
,,38.0,3.2540437678401526,,5.13,,23.0,,,,105.1,5.223596574690771,,7.0,,,,,61.0,,4.0,1.4,,37.0,Moon Seung-won,,"5.13 ERA, 23 G, 4 W, 7 L, 105.1 IP, 38 BB, 61 SO, 1.40 WHIP (FA in '26)",Starter,2026,Pitchers,SSG Landers
,,51.0,2.6810747663551404,,2.25,,30.0,,,,171.2,12.879672897196263,,7.0,,,,,245.0,,12.0,1.0,,30.0,Anderson,,"2.25 ERA, 30 G, 12 W, 7 L, 171.2 IP, 51 BB, 245 SO, 1.00 WHIP",Starter,2026,Pitchers,SSG Landers
,,6.0,2.0300751879699246,,6.08,,6.0,,,,26.6,7.443609022556391,,3.0,,,,,22.0,,3.0,1.28,,35.0,Drew VerHagen,NPB,"6.08 ERA, 6G, 3W, 3L, 26.6 IP, 6 BB, 22 SO, 1.28 WHIP (NPB)",Starter,2026,Pitchers,SSG Landers
,,26.0,3.038961038961039,,1.99,,75.0,33.0,,,77.0,7.714285714285714,,5.0,,,,,66.0,1.0,6.0,1.06,,22.0,Lee Ro-un,,"1.99 ERA, 75 G, 6 W, 5 L, 1 SV, 33 HLD, 77.0 IP, 26 BB, 66 SO, 1.06 WHIP",Bullpen,2026,Pitchers,SSG Landers
,,17.0,2.420886075949367,,2.97,,70.0,22.0,,,63.2,9.25632911392405,,2.0,,,,,65.0,1.0,5.0,1.21,,27.0,Kim Min,,"2.97 ERA, 70 G, 5 W, 2 L, 1 SV, 22 HLD, 63.2 IP, 17 BB, 65 SO, 1.21 WHIP",Bullpen,2026,Pitchers,SSG Landers
,,29.0,5.009596928982726,,3.27,,52.0,3.0,,,52.1,5.873320537428023,,2.0,,,,,34.0,,6.0,1.41,,24.0,Park Si-hoo,,"3.27 ERA, 52 G, 6 W, 2 L, 3 HLD, 52.1 IP, 29 BB, 34 SO, 1.41 WHIP",Bullpen,2026,Pitchers,SSG Landers
,,26.0,4.482758620689655,,4.61,,34.0,,,,52.2,9.482758620689655,,5.0,,,,,55.0,,1.0,1.41,,24.0,Jeon Young-jun,,"4.61 ERA, 34 G, 1 W, 5 L, 52.2 IP, 26 BB, 55 SO, 1.41 WHIP",Bullpen,2026,Pitchers,SSG Landers
,,10.0,4.054054054054054,,2.78,,25.0,1.0,,,22.2,5.675675675675675,,0.0,,,,,14.0,,0.0,1.28,,30.0,Kim Taek-hyung,,"2.78 ERA, 25 G, 0 W, 0 L, 1 HLD, 22.2 IP, 10 BB, 14 SO, 1.28 WHIP",Bullpen,2026,Pitchers,SSG Landers
,,19.0,4.7368421052631575,,4.95,,44.0,3.0,,,36.1,6.731301939058172,,0.0,,,,,27.0,1.0,2.0,1.79,,29.0,Han Doo-sol,,"4.95 ERA, 44 G, 2 W, 0 L, 1 SV, 3 HLD, 36.1 IP, 19 BB, 27 SO, 1.79 WHIP",Bullpen,2026,Pitchers,SSG Landers
,,25.0,2.8125,,2.14,,77.0,35.0,,,80.0,7.65,,6.0,,,,,68.0,3.0,3.0,1.06,,42.0,No Kyung-eun,,"2.14 ERA, 77 G, 3 W, 6 L, 3 SV, 35 HLD, 80.0 IP, 25 BB, 68 SO, 1.06 WHIP",Setup,2026,Pitchers,SSG Landers
,,18.0,2.414307004470939,,1.6,,69.0,,,,67.1,10.596125186289122,,4.0,,,,,79.0,30.0,5.0,0.89,,24.0,Jo Byeong-hyeon,,"1.60 ERA, 69 G, 5 W, 4 L, 30 SV, 67.1 IP, 18 BB, 79 SO, 0.89 WHIP",Closer,2026,Pitchers,SSG Landers
0.238,,19.0,,,,,102.0,,4.0,,,,,,0.606,,294.0,29.0,64.0,,,,,24.0,Jo Hyeong-woo,,".238 AVG, 102 G, 294 PA, 4 HR, 29 RBI, 19 BB, 64 SO, .606 OPS",Catcher,2026,Batters,SSG Landers
0.278,,20.0,,,,,130.0,,17.0,,,,,,0.739,,500.0,64.0,99.0,,,,,24.0,Ko Myeong-jun,,".278 AVG, 130 G, 500 PA, 17 HR, 64 RBI, 20 BB, 99 SO, .739 OPS",1B,2026,Batters,SSG Landers
0.245,,51.0,,,,,132.0,,0.0,,,,,,0.628,,442.0,25.0,93.0,,,,,23.0,Jung Jun-jae,,".245 AVG, 132 G, 442 PA, 0 HR, 25 RBI, 51 BB, 93 SO, .628 OPS",2B,2026,Batters,SSG Landers
0.244,,51.0,,,,,95.0,,23.0,,,,,,0.842,,406.0,63.0,94.0,,,,,39.0,Choi Jeong,,".244 AVG, 95 G, 406 PA, 23 HR, 63 RBI, 51 BB, 94 SO, .842 OPS",3B,2026,Batters,SSG Landers
0.274,,79.0,,,,,127.0,,7.0,,,,,,0.765,,538.0,48.0,93.0,,,,,28.0,Park Seong-han,,".274 AVG, 127 G, 538 PA, 7 HR, 48 RBI, 79 BB, 93 SO, .765 OPS",SS,2026,Batters,SSG Landers
0.284,,43.0,,,,,140.0,,7.0,,,,,,0.713,,574.0,45.0,87.0,,,,,29.0,Choi Ji-hoon,,".284 AVG, 140 G, 574 PA, 7 HR, 45 RBI, 43 BB, 87 SO, .713 OPS (FA in '26)",CF,2026,Batters,SSG Landers
0.273,,46.0,,,,,128.0,,15.0,,,,,,0.771,,511.0,71.0,120.0,,,,,37.0,Han Yoo-seom,,".273 AVG, 128 G, 511 PA, 15 HR, 71 RBI, 46 BB, 120 SO, .771 OPS (FA in '26)",RF,2026,Batters,SSG Landers
0.339,,31.0,,,,,96.0,,13.0,,,,,,0.889,,415.0,54.0,62.0,,,,,33.0,Heredia,,".339 AVG, 96 G, 415 PA, 13 HR, 54 RBI, 31 BB, 62 SO, .889 OPS",LF,2026,Batters,SSG Landers
0.287,,7.0,,,,,27.0,,6.0,,,,,,0.882,,103.0,16.0,28.0,,,,,30.0,Ryu Hyo-seung,,".287 AVG, 27 G, 103 PA, 6 HR, 16 RBI, 7 BB, 28 SO, .882 OPS",DH,2026,Batters,SSG Landers
,,41.0,2.410189418680601,,4.99,,28.0,,,,153.1,7.877204441541476,,14.0,,,,,134.0,,7.0,1.37,,31.0,Ha Young-min,,"4.99 ERA, 28 G, 7 W, 14 L, 153.1 IP, 41 BB, 134 SO, 1.37 WHIP",Starter,2026,Pitchers,Kiwoom Heroes
,,48.0,5.326757090012331,,5.86,,18.0,,,,81.1,6.103575832305796,,7.0,,,,,55.0,,3.0,1.72,,20.0,Jung Hyun-woo,,"5.86 ERA, 18 G, 3 W, 7 L, 81.1 IP, 48 BB, 55 SO, 1.72 WHIP",Starter,2026,Pitchers,Kiwoom Heroes
,,44.0,4.5,,6.14,,19.0,,,,88.0,5.318181818181818,,12.0,,,,,52.0,,0.0,1.78,,21.0,Kim Yoon-ha,,"6.14 ERA, 19 G, 0 W, 12 L, 88.0 IP, 44 BB, 52 SO, 1.78 WHIP",Starter,2026,Pitchers,Kiwoom Heroes
,,10.0,0.743801652892562,,3.27,,19.0,,,,121.0,6.8429752066115705,,4.0,,,,,92.0,,8.0,1.12,,32.0,Alcantara,,"3.27 ERA, 19 G, 8 W, 4 L, 121.0 IP, 10 BB, 92 SO, 1.12 WHIP",Starter,2026,Pitchers,Kiwoom Heroes
,,0.0,0.0,,7.0,,1.0,,,,1.0,9.0,,0.0,,,,,1.0,,0.0,4.0,,27.0,Nathan Wiles,MLB,"27.00 ERA, 1G, 0W, 0L, 1 IP, 0 BB, 1 SO, 4.00 WHIP (MLB)",Starter,2026,Pitchers,Kiwoom Heroes
,,11.0,2.911764705882353,,4.76,,57.0,7.0,,,34.0,9.0,,1.0,,,,,34.0,,3.0,1.38,,33.0,Lee Jun-yeong,,"4.76 ERA, 57 G, 3 W, 1 L, 7 HLD, 34 IP, 11 BB, 34 SO, 1.38 WHIP",Bullpen,2026,Pitchers,Kiwoom Heroes
,,19.0,3.33984375,,4.53,,54.0,6.0,,,51.2,7.03125,,5.0,,,,,40.0,1.0,0.0,1.43,,22.0,Park Yoon-sung,,"4.53 ERA, 54 G, 0 W, 5 L, 1 SV, 6 HLD, 51.2 IP, 19 BB, 40 SO, 1.43 WHIP",Bullpen,2026,Pitchers,Kiwoom Heroes
,,29.0,4.492254733218589,,3.7,,53.0,7.0,,,58.1,6.815834767641997,,1.0,,,,,44.0,,2.0,1.39,,28.0,Oh Seok-ju,,"3.70 ERA, 53 G, 2 W, 1 L, 7 HLD, 58.1 IP, 29 BB, 44 SO, 1.39 WHIP",Bullpen,2026,Pitchers,Kiwoom Heroes
,,26.0,3.5294117647058827,,4.48,,73.0,19.0,,,66.3,10.04524886877828,,6.0,,,,,74.0,,2.0,1.39,,33.0,Kim Tae-hoon,,"4.48 ERA, 73 G, 2 W, 6 L, 19 HLD, 66.3 IP, 26 BB, 74 SO, 1.39 WHIP",Bullpen,2026,Pitchers,Kiwoom Heroes
,,12.0,2.911051212938005,,5.54,,37.0,8.0,,,37.1,6.5498652291105115,,1.0,,,,,27.0,,1.0,1.42,,23.0,Yoon Seok-won,,"5.54 ERA, 37 G, 1 W, 1 L, 8 HLD, 37.1 IP, 12 BB, 27 SO, 1.42 WHIP",Bullpen,2026,Pitchers,Kiwoom Heroes
,,22.0,4.125,,2.25,,73.0,6.0,,,48.0,7.6875,,1.0,,,,,41.0,2.0,2.0,1.08,,31.0,Kim Beom-su,,"2.25 ERA, 73 G, 2 W, 1 L, 2 SV, 6 HLD, 48.0 IP, 22 BB, 41 SO, 1.08 WHIP",Bullpen,2026,Pitchers,Kiwoom Heroes
,,38.0,4.430051813471502,,5.68,,51.0,7.0,,,77.2,5.479274611398964,,5.0,,,,,47.0,8.0,5.0,1.57,,27.0,Jo Young-gun,,"5.68 ERA, 51 G, 5 W, 5 L, 8 SV, 7 HLD, 77.2 IP, 38 BB, 47 SO, 1.57 WHIP",Setup,2026,Pitchers,Kiwoom Heroes
,,17.0,3.477272727272727,,2.45,,42.0,5.0,,,44.0,7.159090909090909,,2.0,,,,,35.0,16.0,2.0,1.18,,26.0,Ju Seung-woo,,"2.45 ERA, 42 G, 2 W, 2 L, 16 SV, 5 HLD, 44.0 IP, 17 BB, 35 SO, 1.18 WHIP",Closer,2026,Pitchers,Kiwoom Heroes
0.242,,13.0,,,,,105.0,,3.0,,,,,,0.615,,344.0,25.0,102.0,,,,,24.0,Kim Geon-hee,,".242 AVG, 105 G, 344 PA, 3 HR, 25 RBI, 13 BB, 102 SO, .615 OPS",Catcher,2026,Batters,Kiwoom Heroes
0.275,,36.0,,,,,120.0,,12.0,,,,,,0.755,,506.0,74.0,66.0,,,,,38.0,Choi Joo-hwan,,".275 AVG, 120 G, 506 PA, 12 HR, 74 RBI, 36 BB, 66 SO, .755 OPS (FA in '26)",1B,2026,Batters,Kiwoom Heroes
0.233,,20.0,,,,,94.0,,5.0,,,,,,0.622,,304.0,25.0,53.0,,,,,31.0,Kim Tae-jin,,".233 AVG, 94 G, 304 PA, 5 HR, 25 RBI, 20 BB, 53 SO, .622 OPS",2B,2026,Batters,Kiwoom Heroes
0.315,,68.0,,,,,144.0,,26.0,,,,,,0.917,,646.0,90.0,96.0,,,,,30.0,Song Sung-moon,,".315 AVG, 144 G, 646 PA, 26 HR, 90 RBI, 68 BB, 96 SO, .917 OPS",3B,2026,Batters,Kiwoom Heroes
0.238,,30.0,,,,,116.0,,6.0,,,,,,0.632,,360.0,27.0,75.0,,,,,22.0,Eo Jun-seo,,".238 AVG, 116 G, 360 PA, 6 HR, 27 RBI, 30 BB, 75 SO, .632 OPS",SS,2026,Batters,Kiwoom Heroes
0.307,,67.0,,,,,133.0,,24.0,,,,,,0.928,,549.0,86.0,98.0,,,,,41.0,Choi Hyeong-woo,,".307 AVG, 133 G, 549 PA, 24 HR, 86 RBI, 67 BB, 98 SO, .928 OPS",LF,2026,Batters,Kiwoom Heroes
0.24,,37.0,,,,,127.0,,11.0,,,,,,0.705,,514.0,45.0,115.0,,,,,25.0,Lee Ju-hyung,,".240 AVG, 127 G, 514 PA, 11 HR, 45 RBI, 37 BB, 115 SO, .705 OPS",CF,2026,Batters,Kiwoom Heroes
0.246,,10.0,,,,,25.0,,1.0,,,,,,0.454,,43.0,2.0,13.0,,,,,30.0,Trenton Brooks,MLB,".146 AVG, 25 G, 43 PA, 1 HR, 2 RBI, 2 BB, 13 SO, .454 OPS (MLB)",RF,2026,Batters,Kiwoom Heroes
0.288,,37.0,,,,,111.0,,1.0,,,,,,0.723,,416.0,50.0,59.0,,,,,38.0,Son Ah-seop,,".288 AVG, 111 G, 416 PA, 1 HR, 50 RBI, 37 BB, 59 SO, .723 OPS",DH,2026,Batters,Kiwoom Heroes
,,26.0,1.7727272727272727,,4.77,,28.0,,,,132.0,5.7272727272727275,,3.0,,,,,84.0,,6.0,1.32,,27.0,Shin Min-hyeok,,"4.77 ERA, 28 G, 6 W, 3 L, 132.0 IP, 26 BB, 84 SO, 1.32 WHIP",Starter,2026,Pitchers,NC Dinos
,,51.0,3.3479212253829322,,3.21,,31.0,,,,137.1,7.746170678336981,,4.0,,,,,118.0,,10.0,1.18,,30.0,Curtis Taylor,AAA,"3.21 ERA, 31G, 10W, 4L, 137.1 IP, 51 BB, 118 SO, 1.18 WHIP (AAA)",Starter,2026,Pitchers,NC Dinos
,,47.0,6.042857142857143,,6.56,,21.0,1.0,,,70.0,4.757142857142857,,4.0,,,,,37.0,,3.0,1.74,,23.0,Kim Nok-won,,"6.56 ERA, 21 G, 3 W, 4 L, 1 HLD, 70.0 IP, 47 BB, 37 SO, 1.74 WHIP",Starter,2026,Pitchers,NC Dinos
,,42.0,6.517241379310345,,6.05,,16.0,,,,58.0,6.982758620689655,,5.0,,,,,45.0,,3.0,1.9,,22.0,Mok Ji-hoon,,"6.05 ERA, 16 G, 3 W, 5 L, 58.0 IP, 42 BB, 45 SO, 1.90 WHIP",Starter,2026,Pitchers,NC Dinos
,,56.0,2.9302325581395348,,3.45,,30.0,,,,172.0,11.30232558139535,,7.0,,,,,216.0,,17.0,1.12,,28.0,Riley,,"3.45 ERA, 30 G, 17 W, 7 L, 172.0 IP,56 BB, 216 SO, 1.12 WHIP",Starter,2026,Pitchers,NC Dinos
,,18.0,3.6818181818181817,,2.86,,45.0,21.0,,,44.0,7.159090909090909,,3.0,,,,,35.0,,4.0,1.32,,26.0,Kim Young-kyu,,"2.86 ERA, 45 G, 4 W, 3 L, 21 HLD, 44.0 IP, 18 BB, 35 SO, 1.32 WHIP",Bullpen,2026,Pitchers,NC Dinos
,,37.0,5.540765391014975,,4.48,,70.0,24.0,,,60.1,7.637271214642262,,4.0,,,,,51.0,2.0,2.0,1.41,,31.0,Bae Jae-hwan,,"4.48 ERA, 70 G, 2 W, 4 L, 2 SV, 24 HLD, 60.1 IP, 37 BB, 51 SO, 1.41 WHIP",Bullpen,2026,Pitchers,NC Dinos
,,19.0,3.33984375,,4.35,,52.0,7.0,,,51.2,6.50390625,,1.0,,,,,37.0,,6.0,1.39,,24.0,Son Ju-hwan,,"4.35 ERA, 52 G, 6 W, 1 L, 7 HLD, 51.2 IP, 19 BB, 37 SO, 1.39 WHIP",Bullpen,2026,Pitchers,NC Dinos
,,33.0,3.6175395858708894,,4.26,,74.0,13.0,,,82.1,6.79658952496955,,7.0,,,,,62.0,2.0,7.0,1.45,,27.0,Jeon Sa-min,,"4.26 ERA, 74 G, 7 W, 7 L, 2 SV, 13 HLD, 82.1 IP, 33 BB, 62 SO, 1.45 WHIP",Bullpen,2026,Pitchers,NC Dinos
,,7.0,12.352941176470589,,6.75,,10.0,1.0,,,5.1,8.823529411764707,,1.0,,,,,5.0,,1.0,3.19,,27.0,Ha Jun-young,,"6.75 ERA, 10 G, 1 W, 1 L, 1 HLD, 5.1 IP, 7 BB, 5 SO, 3.19 WHIP",Bullpen,2026,Pitchers,NC Dinos
,,16.0,6.7924528301886795,,6.23,,22.0,2.0,,,21.2,6.7924528301886795,,0.0,,,,,16.0,,0.0,2.22,,30.0,Kim Jae-yeol,,"6.23 ERA, 22 G, 0 W, 0 L, 2 HLD, 21.2 IP, 16 BB, 16 SO, 2.22 WHIP",Bullpen,2026,Pitchers,NC Dinos
,,45.0,5.617198335644938,,3.36,,76.0,20.0,,,72.1,8.737864077669904,,3.0,,,,,70.0,6.0,4.0,1.35,,28.0,Kim Jin-ho,,"3.36 ERA, 76 G, 4 W, 3 L, 6 SV, 20 HLD, 72.1 IP, 45 BB, 70 SO, 1.35 WHIP",Setup,2026,Pitchers,NC Dinos
,,28.0,3.8181818181818183,,3.27,,62.0,,,,66.0,7.7727272727272725,,3.0,,,,,57.0,29.0,4.0,1.18,,29.0,Ryu Jin-wook,,"3.27 ERA, 62 G, 4 W, 3 L, 29 SV, 66.0 IP, 28 BB, 57 SO, 1.18 WHIP",Closer,2026,Pitchers,NC Dinos
0.232,,45.0,,,,,127.0,,18.0,,,,,,0.734,,415.0,55.0,126.0,,,,,27.0,Kim Hyung-jun,,".232 AVG, 127 G, 415 PA, 18 HR, 55 RBI, 45 BB, 126 SO, .734 OPS",Catcher,2026,Batters,NC Dinos
0.293,,31.0,,,,,112.0,,36.0,,,,,,0.965,,439.0,97.0,118.0,,,,,33.0,Davidson,,".293 AVG, 112 G, 439 PA, 36 HR, 97 RBI, 31 BB, 118 SO, .965 OPS",1B,2026,Batters,NC Dinos
0.302,,44.0,,,,,117.0,,3.0,,,,,,0.81,,468.0,67.0,64.0,,,,,33.0,Park Min-woo,,".302 AVG, 117 G, 468 PA, 3 HR, 67 RBI, 44 BB, 64 SO, .810 OPS",2B,2026,Batters,NC Dinos
0.249,,40.0,,,,,142.0,,17.0,,,,,,0.769,,500.0,56.0,89.0,,,,,24.0,Kim Hui-jip,,".249 AVG, 142 G, 500 PA, 17 HR, 56 RBI, 40 BB, 89 SO, .769 OPS",3B,2026,Batters,NC Dinos
0.289,,63.0,,,,,144.0,,15.0,,,,,,0.83,,624.0,65.0,111.0,,,,,24.0,Kim Ju-won,,".289 AVG, 144 G, 624 PA, 15 HR, 65 RBI, 63 BB, 111 SO, .830 OPS",SS,2026,Batters,NC Dinos
0.246,,77.0,,,,,136.0,,6.0,,,,,,0.756,,456.0,39.0,80.0,,,,,35.0,Kwon Hui-dong,,".246 AVG, 136 G, 456 PA, 6 HR, 39 RBI, 77 BB, 80 SO, .756 OPS (FA in '26)",LF,2026,Batters,NC Dinos
0.204,,5.0,,,,,52.0,,1.0,,,,,,0.567,,60.0,4.0,18.0,,,,,24.0,Park Si-won,,".204 AVG, 52 G, 60 PA, 1 HR, 4 RBI, 5 BB, 18 SO, .567 OPS",CF,2026,Batters,NC Dinos
0.289,,47.0,,,,,124.0,,9.0,,,,,,0.797,,442.0,67.0,63.0,,,,,36.0,Park Kun-woo,,".289 AVG, 124 G, 442 PA, 9 HR, 67 RBI, 47 BB, 63 SO, .797 OPS",RF,2026,Batters,NC Dinos
,,40.0,2.2485946283572766,,3.03,,27.0,,,,160.1,6.014990630855715,,7.0,,,,,107.0,,11.0,1.27,,34.0,Im Chan-kyu,,"3.03 ERA, 27 G, 11 W, 7 L, 160.1 IP, 40 BB, 107 SO, 1.27 WHIP (FA in '27)",Starter,2026,Pitchers,LG Twins
,,49.0,2.8823529411764706,,3.41,,30.0,,,,153.0,7.764705882352941,,6.0,,,,,132.0,,11.0,1.32,,27.0,Son Ju-young,,"3.41 ERA, 30 G, 11 W, 6 L, 153.0 IP, 49 BB, 132 SO, 1.32 WHIP",Starter,2026,Pitchers,LG Twins
,,49.0,3.0625,,3.5,,28.0,,,,144.0,7.8125,,6.0,,,,,125.0,,11.0,1.38,,24.0,Song Seung-gi,,"3.50 ERA, 28 G, 11 W, 6 L, 144.0 IP, 49 BB, 125 SO, 1.38 WHIP",Starter,2026,Pitchers,LG Twins
,,36.0,1.8305084745762712,,3.31,,30.0,,,,177.0,6.966101694915254,,6.0,,,,,137.0,,,1.18,,31.0,Chirinos,,"3.31 ERA, 30 G, 113 W, 6 L, 177.0 IP, 36 BB, 137 SO, 1.18 WHIP",Starter,2026,Pitchers,LG Twins
,,24.0,3.272727272727273,,4.23,,14.0,,,,66.0,9.954545454545455,,4.0,,,,,73.0,,4.0,1.17,,29.0,Hernandez,,"4.23 ERA, 14 G, 4 W, 4 L, 66.0 IP, 24 BB, 73 SO, 1.17 WHIP",Starter,2026,Pitchers,LG Twins
,,30.0,4.5,,2.4,,66.0,7.0,,,60.0,8.4,,2.0,,,,,56.0,1.0,3.0,1.32,,21.0,Kim Young-woo,,"2.40 ERA, 66 G, 3 W, 2 L, 1 SV, 7 HLD, 60.0 IP, 30 BB, 56 SO, 1.32 WHIP",Bullpen,2026,Pitchers,LG Twins
,,18.0,6.0,,6.0,,31.0,1.0,,,27.0,8.666666666666666,,3.0,,,,,26.0,,2.0,1.19,,31.0,Ham Deok-ju,,"6.00 ERA, 31 G, 2 W, 3 L, 1 HLD, 27.0 IP, 18 BB, 26 SO, 1.19 WHIP (FA in '27)",Bullpen,2026,Pitchers,LG Twins
,,12.0,3.176470588235294,,5.03,,39.0,7.0,,,34.0,6.882352941176471,,1.0,,,,,26.0,1.0,6.0,1.29,,29.0,Lee Jung-yong,,"5.03 ERA, 39 G, 6 W, 1 L, 1 SV, 7 HLD, 34.0 IP, 12 BB, 26 SO, 1.29 WHIP (FA in '28)",Bullpen,2026,Pitchers,LG Twins
,,21.0,3.841463414634146,,4.35,,56.0,5.0,,,49.2,6.951219512195122,,3.0,,,,,38.0,10.0,3.0,1.73,,31.0,Jang Hyun-sik,,"4.35 ERA, 56 G, 3 W, 3 L, 10 SV, 5 HLD, 49.2 IP, 21 BB, 38 SO, 1.73 WHIP (FA in '28)",Bullpen,2026,Pitchers,LG Twins
,,16.0,3.7696335078534027,,4.89,,44.0,10.0,,,38.2,7.0680628272251305,,4.0,,,,,30.0,4.0,3.0,1.34,,22.0,Park Myeong-geun,,"4.89 ERA, 44 G, 3 W, 4 L, 4 SV, 10 HLD, 38.2 IP, 16 BB, 30 SO, 1.34 WHIP",Bullpen,2026,Pitchers,LG Twins
,,24.0,4.585987261146497,,5.32,,43.0,4.0,,,47.1,7.452229299363057,,2.0,,,,,39.0,3.0,1.0,1.56,,27.0,Lee Ji-kang,,"5.32 ERA, 43 G, 1 W, 2 L, 3 SV, 4 HLD, 47.1 IP, 24 BB, 39 SO, 1.56 WHIP",Bullpen,2026,Pitchers,LG Twins
,,24.0,3.0769230769230766,,3.44,,78.0,33.0,,,70.2,8.076923076923077,,4.0,,,,,63.0,1.0,6.0,1.2,,41.0,Kim Jin-sung,,"3.44 ERA, 78 G, 6 W, 4 L, 1 SV, 33 HLD, 70.2 IP, 24 BB, 63 SO, 1.20 WHIP (FA in '26)",Setup,2026,Pitchers,LG Twins
,,23.0,5.048780487804878,,2.63,,39.0,1.0,,,41.0,11.414634146341463,,2.0,,,,,52.0,21.0,2.0,1.32,,29.0,Yoo Young-chan,,"2.63 ERA, 39 G, 2 W, 2 L, 21 SV, 1 HLD, 41.0 IP, 23 BB, 52 SO, 1.32 WHIP",Closer,2026,Pitchers,LG Twins
0.253,,62.0,,,,,139.0,,22.0,,,,,,0.797,,523.0,76.0,124.0,,,,,36.0,Park Dong-won,,".253 AVG, 139 G, 523 PA, 22 HR, 76 RBI, 62 BB, 124 SO, .797 OPS (FA in '26)",Catcher,2026,Batters,LG Twins
0.313,,61.0,,,,,116.0,,31.0,,,,,,0.988,,499.0,95.0,62.0,,,,,31.0,Austin,,".313 AVG, 116 G, 499 PA, 31 HR, 95 RBI, 61 BB, 62 SO, .988 OPS",1B,2026,Batters,LG Twins
0.313,,62.0,,,,,135.0,,1.0,,,,,,0.777,,538.0,61.0,57.0,,,,,30.0,Shin Min-jae,,".313 AVG, 135 G, 538 PA, 1 HR, 61 RBI, 62 BB, 57 SO, .777 OPS (FA in '28)",2B,2026,Batters,LG Twins
0.276,,79.0,,,,,141.0,,24.0,,,,,,0.831,,607.0,108.0,108.0,,,,,26.0,Moon Bo-gyeong,,".276 AVG, 141 G, 607 PA, 24 HR, 108 RBI, 79 BB, 108 SO, .831 OPS",3B,2026,Batters,LG Twins
0.253,,37.0,,,,,127.0,,16.0,,,,,,0.744,,472.0,62.0,115.0,,,,,36.0,Oh Ji-hwan,,".253 AVG, 127 G, 472 PA, 16 HR, 62 RBI, 37 BB, 115 SO, .744 OPS (FA in '29)",SS,2026,Batters,LG Twins
0.305,,54.0,,,,,135.0,,3.0,,,,,,0.75,,542.0,70.0,59.0,,,,,29.0,Moon Seong-ju,,".305 AVG, 135 G, 542 PA, 3 HR, 70 RBI, 54 BB, 59 SO, .750 OPS",LF,2026,Batters,LG Twins
0.276,,68.0,,,,,144.0,,3.0,,,,,,0.725,,544.0,43.0,94.0,,,,,36.0,Park Hae-min,,".276 AVG, 144 G, 544 PA, 3 HR, 43 RBI, 68 BB, 94 SO, .725 OPS (FA in '29)",CF,2026,Batters,LG Twins
0.287,,29.0,,,,,51.0,,1.0,,,,,,0.727,,215.0,16.0,40.0,,,,,33.0,Hong Chang-ki,,".287 AVG, 51 G, 215 PA, 1 HR, 16 RBI, 29 BB, 40 SO, .727 OPS (FA in '26)",RF,2026,Batters,LG Twins
,,54.0,3.0337078651685396,,4.93,,29.0,,,,160.2,8.764044943820226,,13.0,,,,,156.0,,11.0,1.48,,32.0,Park Se-woong,,"4.93 ERA, 29 G, 11 W, 13 L, 160.2 IP, 54 BB, 156 SO, 1.48 WHIP (FA in '27)",Starter,2026,Pitchers,Lotte Giants
,,50.0,3.2822757111597376,,3.87,,28.0,,,,137.1,7.614879649890591,,7.0,,,,,116.0,,3.0,1.41,,29.0,Na Gyun-an,,"3.87 ERA, 28 G, 3 W, 7 L, 137.1 IP, 50 BB, 116 SO, 1.41 WHIP",Starter,2026,Pitchers,Lotte Giants
,,56.0,5.786452353616533,,5.26,,20.0,,,,87.1,6.303099885189438,,5.0,,,,,61.0,,2.0,1.83,,24.0,Lee Min-seok,,"5.26 ERA, 20 G, 2 W, 5 L, 87.1 IP, 56 BB, 61 SO, 1.83 WHIP",Starter,2026,Pitchers,Lotte Giants
,,7.0,3.2642487046632125,,9.15,,7.0,,,,19.3,8.393782383419689,,2.0,,,,,18.0,,0.0,1.68,,27.0,Elvin Rodriguez,MLB,"9.15 ERA, 7G, 0W, 2L, 19.3 IP, 7 BB, 18 SO, 1.68 WHIP (MLB)",Starter,2026,Pitchers,Lotte Giants
,,12.0,3.6860068259385663,,4.6,,8.0,,,,29.3,7.679180887372014,,3.0,,,,,25.0,,1.0,1.6,,30.0,Jeremy Beasly,MLB,"4.60 ERA, 8G, 1W, 3L, 29.3 IP, 12 BB, 25 SO, 1.60 WHIP (MLB)",Starter,2026,Pitchers,Lotte Giants
,,11.0,3.09375,,3.09,,25.0,3.0,,,32.0,10.96875,,2.0,,,,,39.0,,0.0,1.09,,22.0,Hong Min-gi,,"3.09 ERA, 25 G, 0 W, 2 L, 3 HLD, 32.0 IP, 11 BB, 39 SO, 1.09 WHIP",Bullpen,2026,Pitchers,Lotte Giants
,,21.0,2.625,,4.0,,67.0,4.0,,,72.0,4.5,,2.0,,,,,36.0,,2.0,1.25,,32.0,Kim Kang-hyun,,"4.00 ERA, 67 G, 2 W, 2 L, 4 HLD, 72.0 IP, 21 BB, 36 SO, 1.25 WHIP",Bullpen,2026,Pitchers,Lotte Giants
,,22.0,2.865412445730825,,5.32,,51.0,3.0,,,69.1,6.512301013024603,,3.0,,,,,50.0,1.0,3.0,1.41,,28.0,Park Jin,,"5.32 ERA, 51 G, 3 W, 3 L, 1 SV, 3 HLD, 69.1 IP, 22 BB, 50 SO, 1.41 WHIP",Bullpen,2026,Pitchers,Lotte Giants
,,16.0,2.6617375231053604,,5.3,,49.0,17.0,,,54.1,10.314232902033272,,4.0,,,,,62.0,1.0,4.0,1.21,,26.0,Choi Jun-yong,,"5.30 ERA, 49 G, 4 W, 4 L, 1 SV, 17 HLD, 54.1 IP, 16 BB, 62 SO, 1.21 WHIP",Bullpen,2026,Pitchers,Lotte Giants
,,26.0,4.9576271186440675,,3.97,,82.0,12.0,,,47.2,8.961864406779661,,0.0,,,,,47.0,,2.0,1.26,,26.0,Jung Hyun-su,,"3.97 ERA, 82 G, 2 W, 0 L, 12 HLD, 47.2 IP, 26 BB, 47 SO, 1.26 WHIP",Bullpen,2026,Pitchers,Lotte Giants
,,20.0,6.666666666666667,,7.67,,31.0,,,,27.0,14.666666666666666,,2.0,,,,,44.0,,1.0,1.7,,28.0,Yoon Seong-bin,,"7.67 ERA, 31 G, 1 W, 2 L, 27.0 IP, 20 BB, 44 SO, 1.70 WHIP",Bullpen,2026,Pitchers,Lotte Giants
,,6.0,4.462809917355372,,8.03,,11.0,1.0,,,12.1,8.181818181818182,,2.0,,,,,11.0,,1.0,2.19,,22.0,Park Jun-woo,,"8.03 ERA, 11 G, 1 W, 2 L, 1 HLD, 12.1 IP, 6 BB, 11 SO, 2.19 WHIP",Bullpen,2026,Pitchers,Lotte Giants
,,28.0,3.6,,4.24,,75.0,21.0,,,70.0,7.071428571428571,,3.0,,,,,55.0,,8.0,1.43,,28.0,Jung Cheol-won,,"4.24 ERA, 75 G, 8 W, 3 L, 21 HLD, 70.0 IP, 28 BB, 55 SO, 1.43 WHIP",Setup,2026,Pitchers,Lotte Giants
,,33.0,4.9335548172757475,,2.67,,53.0,,,,60.2,10.315614617940199,,3.0,,,,,69.0,32.0,4.0,1.5,,34.0,Kim Won-jung,,"2.67 ERA, 53 G, 4 W, 3 L, 32 SV, 60.2 IP, 33 BB, 69 SO, 1.50 WHIP (FA in '28)",Closer,2026,Pitchers,Lotte Giants
0.274,,26.0,,,,,110.0,,5.0,,,,,,0.735,,350.0,38.0,66.0,,,,,35.0,Yu Kang-nam,,".274 AVG, 110 G, 350 PA, 5 HR, 38 RBI, 26 BB, 66 SO, .735 OPS (FA in '26)",Catcher,2026,Batters,Lotte Giants
0.229,,55.0,,,,,105.0,,9.0,,,,,,0.707,,392.0,44.0,65.0,,,,,25.0,Na Seung-yeop,,".229 AVG, 105 G, 392 PA, 9 HR, 44 RBI, 55 BB, 65 SO, .707 OPS",1B,2026,Batters,Lotte Giants
0.271,,56.0,,,,,121.0,,4.0,,,,,,0.7,,538.0,45.0,83.0,,,,,27.0,Ko Seung-min,,".271 AVG, 121 G, 538 PA, 4 HR, 45 RBI, 56 BB, 83 SO, .700 OPS",2B,2026,Batters,Lotte Giants
,,,,,,,,,,,,,,,,,,,,,,,,28.0,Han Dong-hee,,No stats,3B,2026,Batters,Lotte Giants
0.287,,22.0,,,,,101.0,,5.0,,,,,,0.715,,369.0,34.0,63.0,,,,,28.0,Jeon Min-jae,,".287 AVG, 101 G, 369 PA, 5 HR, 34 RBI, 22 BB, 63 SO, .715 OPS",SS,2026,Batters,Lotte Giants
0.256,,18.0,,,,,79.0,,1.0,,,,,,0.632,,273.0,22.0,46.0,,,,,30.0,Hwang Seong-bin,,".256 AVG, 79 G, 273 PA, 1 HR, 22 RBI, 18 BB, 46 SO, .632 OPS",CF,2026,Batters,Lotte Giants
0.326,,58.0,,,,,144.0,,13.0,,,,,,0.861,,643.0,107.0,66.0,,,,,30.0,Reyes,,".326 AVG, 144 G, 643 PA, 13 HR, 107 RBI, 58 BB, 66 SO, .861 OPS",LF,2026,Batters,Lotte Giants
0.282,,49.0,,,,,97.0,,9.0,,,,,,0.819,,399.0,53.0,65.0,,,,,24.0,Yoon Dong-hee,,".282 AVG, 97 G, 399 PA, 9 HR, 53 RBI, 49 BB, 65 SO, .819 OPS",RF,2026,Batters,Lotte Giants
0.293,,44.0,,,,,114.0,,8.0,,,,,,0.789,,472.0,70.0,71.0,,,,,41.0,Jeon Jun-woo,,".293 AVG, 114 G, 472 PA, 8 HR, 70 RBI, 44 BB, 71 SO, .789 OPS",DH,2026,Batters,Lotte Giants
,,41.0,3.382218148487626,,4.2,,19.0,,,,109.1,8.826764436296976,,7.0,,,,,107.0,,5.0,1.25,,27.0,Gwak Been,,"4.20 ERA, 19 G, 5 W, 7 L, 109.1 IP, 41 BB, 107 SO, 1.25 WHIP",Starter,2026,Pitchers,Doosan Bears
,,36.0,2.7906976744186047,,4.41,,23.0,,,,116.1,5.503875968992248,,7.0,,,,,71.0,,5.0,1.35,,25.0,Choi Seung-yong,,"4.41 ERA, 23 G, 5 W, 7 L, 116.1 IP, 36 BB, 71 SO, 1.35 WHIP",Starter,2026,Pitchers,Doosan Bears
,,34.0,3.9637305699481864,,4.4,,17.0,,,,77.2,6.178756476683938,,3.0,,,,,53.0,,3.0,1.36,,,Choi Min-seok,,"4.40 ERA, 17 G, 3 W, 3 L, 77.2 IP, 34 BB, 53 SO, 1.36 WHIP",Starter,2026,Pitchers,Doosan Bears
,,39.0,1.9943181818181819,,2.81,,30.0,,,,176.0,7.9772727272727275,,8.0,,,,,156.0,,10.0,1.05,,28.0,Logue,,"2.81 ERA, 30 G, 10 W, 8 L, 176.0 IP, 39 BB, 156 SO, 1.05 WHIP",Starter,2026,Pitchers,Doosan Bears
,,12.0,2.477064220183486,,3.09,,21.0,,,,43.6,4.541284403669724,,1.0,,,,,22.0,,5.0,1.15,,31.0,Chris Flexen,MLB,"3.09 ERA, 21G, 5W, 1L, 43.6 IP, 12 BB, 22 SO, 1.15 WHIP (MLB)",Starter,2026,Pitchers,Doosan Bears
,,39.0,5.302114803625377,,4.05,,73.0,14.0,,,66.2,9.788519637462235,,4.0,,,,,72.0,,4.0,1.53,,29.0,Lee Young-ha,,"4.05 ERA, 73 G, 4 W, 4 L, 14 HLD, 66.2 IP, 39 BB, 72 SO, 1.53 WHIP",Bullpen,2026,Pitchers,Doosan Bears
,,29.0,4.35,,2.85,,54.0,5.0,,,60.0,5.4,,4.0,,,,,36.0,,2.0,1.4,,27.0,Park Sin-ji,,"2.85 ERA, 54 G, 2 W, 4 L, 5 HLD, 60.0 IP, 29 BB, 36 SO, 1.40 WHIP",Bullpen,2026,Pitchers,Doosan Bears
,,10.0,6.923076923076923,,6.23,,22.0,4.0,,,13.0,6.230769230769231,,0.0,,,,,9.0,,0.0,1.62,,23.0,Lee Byeong-heon,,"6.23 ERA, 22 G, 0 W, 0 L, 4 HLD, 13.0 IP, 10 BB, 9 SO, 1.62 WHIP",Bullpen,2026,Pitchers,Doosan Bears
,,13.0,3.633540372670807,,6.34,,39.0,5.0,,,32.2,10.62111801242236,,5.0,,,,,38.0,,2.0,1.65,,25.0,Choi Ji-gang,,"6.34 ERA, 39 G, 2 W, 5 L, 5 HLD, 32.2 IP, 13 BB, 38 SO, 1.65 WHIP",Bullpen,2026,Pitchers,Doosan Bears
,,8.0,3.1168831168831166,,4.24,,19.0,,,,23.1,7.402597402597402,,0.0,,,,,19.0,1.0,0.0,1.16,,27.0,Yang Jae-hoon,,"4.24 ERA, 19 G, 0 W, 0 L, 1 SV, 23.1 IP, 8 BB, 19 SO, 1.16 WHIP",Bullpen,2026,Pitchers,Doosan Bears
,,38.0,3.196261682242991,,4.71,,47.0,9.0,,,107.0,5.214953271028038,,7.0,,,,,62.0,,4.0,1.34,,32.0,Choi Won-jun,,"4.71 ERA, 47 G, 4 W, 7 L, 9 HLD, 107.0 IP, 38 BB, 62 SO, 1.34 WHIP",Bullpen,2026,Pitchers,Doosan Bears
,,21.0,3.043478260869565,,3.75,,73.0,16.0,,,62.1,8.26086956521739,,4.0,,,,,57.0,2.0,4.0,1.27,,28.0,Park Chi-guk,,"3.75 ERA, 73 G, 4 W, 4 L, 2 SV, 16 HLD, 62.1 IP, 21 BB, 57 SO, 1.27 WHIP (FA in '26)",Setup,2026,Pitchers,Doosan Bears
,,31.0,4.2208774583963695,,3.53,,64.0,,,,66.1,10.75642965204236,,5.0,,,,,79.0,24.0,4.0,1.18,,21.0,Kim Taek-yeon,,"3.53 ERA, 64 G, 4 W, 5 L, 24 SV, 66.1 IP, 31 BB, 79 SO, 1.18 WHIP",Closer,2026,Pitchers,Doosan Bears
0.337,,50.0,,,,,130.0,,20.0,,,,,,0.939,,517.0,89.0,63.0,,,,,39.0,Yang Eui-ji,,".337 AVG, 130 G, 517 PA, 20 HR, 89 RBI, 50 BB, 63 SO, .939 OPS (FA in '26)",Catcher,2026,Batters,Doosan Bears
0.248,,24.0,,,,,72.0,,8.0,,,,,,0.721,,294.0,31.0,82.0,,,,,35.0,Yang Suk-hwan,,".248 AVG, 72 G, 294 PA, 8 HR, 31 RBI, 24 BB, 82 SO, .721 OPS",1B,2026,Batters,Doosan Bears
0.284,,10.0,,,,,91.0,,4.0,,,,,,0.686,,298.0,19.0,56.0,,,,,19.0,Park Jun-sun,,".284 AVG, 91 G, 298 PA, 4 HR, 19 RBI, 10 BB, 56 SO, .686 OPS",2B,2026,Batters,Doosan Bears
0.319,,11.0,,,,,35.0,,4.0,,,,,,0.911,,147.0,20.0,27.0,,,,,24.0,Ahn Jae-seok,,".319 AVG, 35 G, 147 PA, 4 HR, 20 RBI, 11 BB, 27 SO, .911 OPS",3B,2026,Batters,Doosan Bears
0.287,,62.0,,,,,134.0,,5.0,,,,,,0.722,,595.0,42.0,69.0,,,,,,Park Chan-ho,,".287 AVG, 134 G, 595 PA, 5 HR, 42 RBI, 62 BB, 69 SO, .722 OPS",SS,2026,Batters,Doosan Bears
0.213,,36.0,,,,,106.0,,3.0,,,,,,0.684,,225.0,25.0,57.0,,,,,32.0,Kim In-tae,,".213 AVG, 106 G, 225 PA, 3 HR, 25 RBI, 36 BB, 57 SO, .684 OPS",LF,2026,Batters,Doosan Bears
0.258,,61.0,,,,,132.0,,6.0,,,,,,0.703,,546.0,38.0,57.0,,,,,36.0,Jung Soo-bin,,".258 AVG, 132 G, 546 PA, 6 HR, 38 RBI, 61 BB, 57 SO, .703 OPS (FA in '26)",CF,2026,Batters,Doosan Bears
0.299,,43.0,,,,,136.0,,16.0,,,,,,0.814,,593.0,87.0,116.0,,,,,32.0,Cave,,".299 AVG, 136 G, 593 PA, 16 HR, 87 RBI, 43 BB, 116 SO, .814 OPS",RF,2026,Batters,Doosan Bears
0.241,,57.0,,,,,103.0,,13.0,,,,,,0.758,,407.0,50.0,96.0,,,,,38.0,Kim Jae-hwan,,".241 AVG, 103 G, 407 PA, 13 HR, 50 RBI, 57 BB, 96 SO, .758 OPS (FA in '26)",DH,2026,Batters,Doosan Bears
,,57.0,3.3529411764705883,,5.06,,30.0,,,,153.0,6.411764705882353,,9.0,,,,,109.0,,7.0,1.49,,37.0,Yang Hyeon-jong,,"5.06 ERA, 30 G, 7 W, 9 L, 153.0 IP, 57 BB, 109 SO, 1.49 WHIP (FA in '26)",Starter,2026,Pitchers,KIA Tigers
,,31.0,7.117346938775509,,7.94,,10.0,,,,39.2,9.642857142857142,,4.0,,,,,42.0,,1.0,1.82,,24.0,Lee Eui-lee,,"7.94 ERA, 10 G, 1 W, 4 L, 39.2 IP, 31 BB, 42 SO, 1.82 WHIP",Starter,2026,Pitchers,KIA Tigers
,,33.0,2.3741007194244603,,4.81,,24.0,,,,125.1,5.107913669064748,,7.0,,,,,71.0,,4.0,1.45,,26.0,Kim Do-hyun,,"4.81 ERA, 24 G, 4 W, 7 L, 125.1 IP, 33 BB, 71 SO, 1.45 WHIP",Starter,2026,Pitchers,KIA Tigers
,,41.0,2.2486288848263256,,2.25,,27.0,,,,164.1,8.3363802559415,,4.0,,,,,152.0,,8.0,1.07,,31.0,Naile,,"2.25 ERA, 27 G, 8 W, 4 L, 164.1 IP, 41 BB, 152 SO, 1.07 WHIP",Starter,2026,Pitchers,KIA Tigers
,,10.0,2.5568181818181817,,5.3,,18.0,,,,35.2,7.926136363636363,,2.0,,,,,31.0,,1.0,1.35,,24.0,Hwang Dong-ha,,"5.30 ERA, 18 G, 1 W, 2 L, 35.2 IP, 10 BB, 31 SO, 1.35 WHIP",Starter,2026,Pitchers,KIA Tigers
,,47.0,2.838926174496644,,3.62,,26.0,,,,149.0,10.208053691275168,,7.0,,,,,169.0,,11.0,1.15,,30.0,Oller,,"3.62 ERA, 26 G, 11 W, 7 L, 149.0 IP, 47 BB, 169 SO, 1.15 WHIP",Bullpen,2026,Pitchers,KIA Tigers
,,13.0,2.2456813819577737,,1.55,,45.0,7.0,,,52.1,5.182341650671785,,2.0,,,,,30.0,,3.0,0.97,,22.0,Seong Young-tak,,"1.55 ERA, 45 G, 3 W, 2 L, 7 HLD, 52.1 IP, 13 BB, 30 SO, 0.97 WHIP",Bullpen,2026,Pitchers,KIA Tigers
,,31.0,8.429003021148036,,6.48,,36.0,1.0,,,33.1,9.516616314199396,,1.0,,,,,35.0,1.0,1.0,2.13,,25.0,Han Jae-seung,,"6.48 ERA, 36 G, 1 W, 1 L, 1 SV, 1 HLD, 33.1 IP, 31 BB, 35 SO, 2.13 WHIP",Bullpen,2026,Pitchers,KIA Tigers
,,51.0,8.64406779661017,,6.58,,66.0,9.0,,,53.1,6.610169491525424,,4.0,,,,,39.0,,2.0,1.82,,23.0,Choi Ji-min,,"6.58 ERA, 66 G, 2 W, 4 L, 9 HLD, 53.1 IP, 51 BB, 39 SO, 1.82 WHIP",Bullpen,2026,Pitchers,KIA Tigers
,,27.0,4.05,,3.9,,72.0,28.0,,,60.0,8.25,,6.0,,,,,55.0,1.0,6.0,1.52,,32.0,Cho Sang-woo,,"3.90 ERA, 72 G, 6 W, 6 L, 1 SV, 28 HLD, 60.0 IP, 27 BB, 55 SO, 1.52 WHIP (FA in '26)",Bullpen,2026,Pitchers,KIA Tigers
,,11.0,2.911764705882353,,4.76,,57.0,7.0,,,34.0,9.0,,1.0,,,,,34.0,,3.0,1.38,,34.0,Lee Jun-young,,"4.76 ERA, 57 G, 3 W, 1 L, 7 HLD, 34.0 IP, 11 BB, 34 SO, 1.38 WHIP (FA in '28)",Bullpen,2026,Pitchers,KIA Tigers
,,20.0,2.5714285714285716,,3.34,,74.0,25.0,,,70.0,6.428571428571429,,5.0,,,,,50.0,1.0,7.0,1.2,,30.0,Jeon Sang-hyun,,"3.34 ERA, 74 G, 7 W, 5 L, 1 SV, 25 HLD, 70.0 IP, 20 BB, 50 SO, 1.20 WHIP",Setup,2026,Pitchers,KIA Tigers
,,18.0,2.6470588235294117,,3.79,,60.0,,,,61.2,10.588235294117647,,7.0,,,,,72.0,27.0,3.0,1.51,,25.0,Jung Hae-young,,"3.79 ERA, 60 G, 3 W, 7 L, 27 SV, 61.2 IP, 18 BB, 72 SO, 1.51 WHIP",Closer,2026,Pitchers,KIA Tigers
0.225,,26.0,,,,,103.0,,7.0,,,,,,0.673,,276.0,26.0,48.0,,,,,27.0,Han Jun-su,,".225 AVG, 103 G, 276 PA, 7 HR, 26 RBI, 26 BB, 48 SO, .673 OPS",Catcher,2026,Batters,KIA Tigers
0.303,,26.0,,,,,101.0,,21.0,,,,,,0.884,,410.0,65.0,78.0,,,,,32.0,Harold Castro,AAA,".303 AVG, 101 G, 410 PA, 21 HR, 65 RBI, 26 BB, 78 SO, .884 OPS (AAA)",1B,2026,Batters,KIA Tigers
0.321,,31.0,,,,,84.0,,3.0,,,,,,0.823,,308.0,46.0,35.0,,,,,37.0,Kim Sun-bin,,".321 AVG, 84 G, 308 PA, 3 HR, 46 RBI, 31 BB, 35 SO, .823 OPS (FA in '26)",2B,2026,Batters,KIA Tigers
0.275,,8.0,,,,,40.0,,6.0,,,,,,0.786,,160.0,17.0,36.0,,,,,23.0,Yoon Do-hyun,,".275 AVG, 40 G, 160 PA, 6 HR, 17 RBI, 8 BB, 36 SO, .786 OPS",3B,2026,Batters,KIA Tigers
0.309,,10.0,,,,,30.0,,7.0,,,,,,1.0,,122.0,27.0,23.0,,,,,23.0,Kim Do-young,,".309 AVG, 30 G, 122 PA, 7 HR, 27 RBI, 10 BB, 23 SO, 1.000 OPS (S+ Grade)",SS,2026,Batters,KIA Tigers
0.265,,14.0,,,,,47.0,,2.0,,,,,,0.71,,134.0,16.0,55.0,,,,,27.0,Kim Seok-hwan,,".265 AVG, 47 G, 134 PA, 2 HR, 16 RBI, 14 BB, 55 SO, .710 OPS",LF,2026,Batters,KIA Tigers
0.283,,34.0,,,,,105.0,,6.0,,,,,,0.793,,381.0,39.0,94.0,,,,,34.0,Kim Ho-ryeong,,".283 AVG, 105 G, 381 PA, 6 HR, 39 RBI, 34 BB, 94 SO, .793 OPS (FA in '26)",CF,2026,Batters,KIA Tigers
0.268,,42.0,,,,,82.0,,10.0,,,,,,0.825,,310.0,36.0,79.0,,,,,37.0,Na Sung-bum,,".268 AVG, 82 G, 310 PA, 10 HR, 36 RBI, 42 BB, 79 SO, .825 OPS",RF,2026,Batters,KIA Tigers
0.307,,67.0,,,,,133.0,,24.0,,,,,,0.928,,549.0,86.0,98.0,,,,,43.0,Choi Hyoung-woo,,".307 AVG, 133 G, 549 PA, 24 HR, 86 RBI, 67 BB, 98 SO, .928 OPS",DH,2026,Batters,KIA Tigers
