Rk,Name,Age,W,L,W-L%,ERA,G,GS,GF,CG,SHO,SV,IP,H,R,ER,HR,BB,IBB,SO,HBP,BK,WP,BF,WHIP,H9,HR9,BB9,SO9,SO/W,Name-additional,season
1,Woo Jin An,21,8,8,0.5,3.26,21,21,0,0,0,0,107.2,88,47,39,13,41,1,110,7,1,5,450,1.198,7.4,1.1,3.4,9.2,2.68,player.fcgi?id=ahn---000woo,2021
2,Jake Brigham,33,7,3,0.7,2.95,10,10,0,0,0,0,61,49,25,20,6,26,0,49,4,0,3,250,1.23,7.2,0.9,3.8,7.2,1.88,player.fcgi?id=brigha001jac,2021
3,Sang Woo Cho,26,6,5,0.5454545454545454,3.48,44,0,26,0,0,15,44,30,18,17,4,19,2,47,2,0,2,187,1.114,6.1,0.8,3.9,9.6,2.47,player.fcgi?id=cho---002san,2021
4,Young Gun Cho,22,0,0,,0,1,0,1,0,0,0,1,1,0,0,0,2,0,3,0,0,0,6,3,9,0,18,27,1.5,player.fcgi?id=jo----000you,2021
5,Won Tae Choi,24,9,11,0.45,4.58,28,28,0,0,0,0,143.1,163,89,73,11,53,2,93,10,0,3,643,1.507,10.2,0.7,3.3,5.8,1.75,player.fcgi?id=choi--003won,2021
6,Hyun Hee Han,28,6,2,0.75,3.89,18,15,0,0,0,0,85.2,86,42,37,4,30,0,61,6,0,3,372,1.354,9,0.4,3.2,6.4,2.03,player.fcgi?id=han---000hyu,2021
7,Jae Young Jang,19,0,1,0,9.17,19,2,3,0,0,0,17.2,15,18,18,0,24,0,14,3,0,5,92,2.208,7.6,0,12.2,7.1,0.58,player.fcgi?id=jang--004jae,2021
9,Eric Jokisch,31,16,9,0.64,2.93,31,31,0,0,0,0,181.1,171,71,59,12,46,2,131,4,0,9,739,1.197,8.5,0.6,2.3,6.5,2.85,player.fcgi?id=jokisc001eri,2021
10,Dong Hyeok Kim,19,0,5,0,5.05,40,8,10,0,0,1,82,89,51,46,5,34,4,30,14,1,0,367,1.5,9.8,0.5,3.7,3.3,0.88,player.fcgi?id=kim---022don,2021
11,Dong Uk Kim,24,0,0,,9,3,0,3,0,0,0,3,7,3,3,2,1,0,2,0,0,0,16,2.667,21,6,3,6,2,player.fcgi?id=kim---023don,2021
12,In-beom Kim,21,0,0,,0,3,0,2,0,0,0,5.1,3,0,0,0,1,0,5,0,0,0,20,0.75,5.1,0,1.7,8.4,5,player.fcgi?id=kim---007in-,2021
13,Jae Woong Kim,22,0,1,0,3.54,51,0,9,0,0,1,53.1,49,24,21,5,33,3,47,1,0,2,243,1.538,8.3,0.8,5.6,7.9,1.42,player.fcgi?id=kim---029jae,2021
14,Jeong In Kim,25,1,2,0.3333333333333333,7.11,11,6,1,0,0,0,31.2,34,26,25,6,18,0,21,2,0,2,151,1.642,9.7,1.7,5.1,6,1.17,player.fcgi?id=kim---019jeo,2021
15,Joon Hyoung Kim,18,0,0,,3.14,14,0,2,0,0,0,14.1,15,6,5,2,7,0,8,3,0,1,67,1.535,9.4,1.3,4.4,5,1.14,player.fcgi?id=kim---007joo,2021
16,Seon Gi Kim,29,3,2,0.6,6.52,21,7,5,0,0,0,48.1,53,38,35,5,22,0,25,7,1,4,224,1.552,9.9,0.9,4.1,4.7,1.14,player.fcgi?id=kim---001seo,2021
17,Seong Jin Kim,23,1,3,0.25,5.18,46,0,11,0,0,0,41.2,40,30,24,4,23,2,31,0,0,3,188,1.512,8.6,0.9,5,6.7,1.35,player.fcgi?id=kim---048seo,2021
18,Seong Min Kim,27,2,3,0.4,3.28,47,0,6,0,0,1,46.2,43,21,17,4,35,2,36,6,0,1,218,1.671,8.3,0.8,6.8,6.9,1.03,player.fcgi?id=kim---043seo,2021
19,Tae Hoon Kim,29,4,2,0.6666666666666666,3.22,66,0,20,0,0,11,64.1,60,26,23,1,33,2,52,1,1,3,282,1.446,8.4,0.1,4.6,7.3,1.58,player.fcgi?id=kim---016don,2021
20,Jong Min Lee,20,0,0,,23.14,2,0,1,0,0,0,2.1,4,6,6,1,7,0,3,0,0,0,17,4.714,15.4,3.9,27,11.6,0.43,player.fcgi?id=lee---017jon,2021
21,Seung Ho Lee,22,1,3,0.25,5.51,38,3,5,0,0,0,47.1,55,39,29,4,31,2,37,1,0,8,224,1.817,10.5,0.8,5.9,7,1.19,player.fcgi?id=lee---015seu,2021
22,Gyu Bin Lim,29,0,0,,10.38,5,0,4,0,0,0,8.2,13,10,10,3,4,0,6,0,0,0,43,1.962,13.5,3.1,4.2,6.2,1.5,player.fcgi?id=im----000gyu,2021
23,Sung Hyun Moon,29,0,0,,5.4,4,0,3,0,0,0,3.1,3,2,2,0,6,0,3,0,0,1,18,2.7,8.1,0,16.2,8.1,0.5,player.fcgi?id=moon--001sun,2021
24,Ju Won Oh,36,1,1,0.5,9.31,22,0,11,0,0,1,19.1,35,20,20,3,4,1,11,0,0,1,94,2.017,16.3,1.4,1.9,5.1,2.75,player.fcgi?id=oh----002jae,2021
25,Gwan Jin Park,24,0,0,,81,2,0,0,0,0,0,0.2,5,9,6,0,3,0,0,1,0,0,12,12,67.5,0,40.5,0,0,player.fcgi?id=park--000gwa,2021
26,Ju Seong Park,20,0,1,0,4.91,13,0,7,0,0,0,18.1,24,11,10,1,9,0,12,2,0,1,89,1.8,11.8,0.5,4.4,5.9,1.33,player.fcgi?id=park--004joo,2021
27,Seung Joo Park,27,0,0,,4.15,3,0,1,0,0,0,4.1,3,2,2,0,3,0,1,0,0,0,18,1.385,6.2,0,6.2,2.1,0.33,player.fcgi?id=park--001seu,2021
28,Josh A. Smith,33,1,0,1,6.3,2,2,0,0,0,0,10,9,7,7,1,5,0,5,0,0,0,43,1.4,8.1,0.9,4.5,4.5,1,player.fcgi?id=smith-015jos,2021
29,Hyun Yang,28,1,2,0.3333333333333333,4.69,45,0,9,0,0,0,48,59,31,25,3,26,4,22,1,0,1,225,1.771,11.1,0.6,4.9,4.1,0.85,player.fcgi?id=yang--000hyu,2021
30,Jeong-Hyeon Yoon,28,0,0,,1.46,10,0,3,0,0,0,12.1,11,2,2,0,5,0,7,1,0,0,53,1.297,8,0,3.6,5.1,1.4,player.fcgi?id=yoon--001jeo,2021
1,Woo Jin An,22,15,8,0.6521739130434783,2.11,30,30,1,1,0,0,196,131,51,46,4,55,1,224,4,1,7,766,0.949,6,0.2,2.5,10.3,4.07,player.fcgi?id=ahn---000woo,2022
2,Won Tae Choi,25,7,5,0.5833333333333334,3.75,26,20,0,0,0,0,105.2,93,50,44,5,40,0,63,5,0,5,446,1.259,7.9,0.4,3.4,5.4,1.58,player.fcgi?id=choi--003won,2022
3,Tyler Eppler,29,6,8,0.4285714285714285,4.3,33,25,2,1,1,0,140.1,172,69,67,13,40,1,86,6,0,4,622,1.511,11,0.8,2.6,5.5,2.15,player.fcgi?id=eppler000tyl,2022
4,Yeong Min Ha,27,5,3,0.625,3.43,41,0,17,0,0,0,39.1,35,27,15,4,21,0,23,0,0,2,178,1.424,8,0.9,4.8,5.3,1.1,player.fcgi?id=ha----000yeo,2022
5,Hyun Hee Han,29,6,4,0.6,4.75,21,14,0,0,0,0,77.2,83,44,41,9,24,0,59,8,0,2,346,1.378,9.6,1,2.8,6.8,2.46,player.fcgi?id=han---000hyu,2022
6,Jae Young Jang,20,0,0,,7.71,14,0,3,0,0,0,14,23,12,12,2,7,0,19,1,0,1,70,2.143,14.8,1.3,4.5,12.2,2.71,player.fcgi?id=jang--004jae,2022
7,Chan Heon Jeong,32,5,6,0.4545454545454545,5.36,20,20,0,0,0,0,87.1,106,55,52,13,28,2,42,6,0,3,390,1.534,10.9,1.3,2.9,4.3,1.5,player.fcgi?id=jeong-000cha,2022
8,Eric Jokisch,32,10,8,0.5555555555555556,2.57,30,30,0,0,0,0,185.1,169,61,53,8,33,0,154,5,0,2,746,1.09,8.2,0.4,1.6,7.5,4.67,player.fcgi?id=jokisc001eri,2022
9,Seung Woo Ju,22,0,0,,10.8,4,1,1,0,0,0,3.1,5,5,4,1,7,0,4,0,0,0,23,3.6,13.5,2.7,18.9,10.8,0.57,player.fcgi?id=ju----000seu,2022
10,Dong Hyeok Kim,20,2,1,0.6666666666666666,4.73,24,0,6,0,0,0,26.2,28,14,14,0,11,2,18,1,0,1,115,1.463,9.5,0,3.7,6.1,1.64,player.fcgi?id=kim---022don,2022
11,Jae Woong Kim,23,3,2,0.6,2.01,65,0,18,0,0,13,62.2,39,14,14,4,29,2,56,4,0,4,254,1.085,5.6,0.6,4.2,8,1.93,player.fcgi?id=kim---029jae,2022
12,Joon Hyoung Kim,19,0,1,0,2.03,12,0,2,0,0,0,13.1,9,3,3,0,13,0,6,2,0,3,61,1.65,6.1,0,8.8,4.1,0.46,player.fcgi?id=kim---007joo,2022
13,Seon Gi Kim,30,3,1,0.75,5.15,26,2,4,0,0,1,36.2,39,24,21,1,19,1,30,2,0,1,167,1.582,9.6,0.2,4.7,7.4,1.58,player.fcgi?id=kim---001seo,2022
14,Seong Jin Kim,24,0,2,0,7.89,23,0,8,0,0,0,21.2,31,25,19,3,10,0,16,3,0,0,105,1.892,12.9,1.2,4.2,6.6,1.6,player.fcgi?id=kim---048seo,2022
15,Tae Hoon Kim,30,3,2,0.6,3.14,43,0,12,0,0,9,43,40,18,15,3,20,2,34,2,0,2,188,1.395,8.4,0.6,4.2,7.1,1.7,player.fcgi?id=kim---016don,2022
16,Myeong Jong Lee,19,4,1,0.8,5.27,27,0,6,0,0,0,27.1,28,17,16,3,16,1,20,2,0,1,126,1.61,9.2,1,5.3,6.6,1.25,player.fcgi?id=lee---005mye,2022
17,Seung Ho Lee,23,3,2,0.6,3.58,53,0,15,0,0,10,50.1,44,20,20,7,27,1,44,3,0,6,215,1.411,7.9,1.3,4.8,7.9,1.63,player.fcgi?id=lee---015seu,2022
18,Young Jun Lee,30,2,2,0.5,4.29,26,0,6,0,0,0,21,27,12,10,0,13,1,16,2,0,1,102,1.905,11.6,0,5.6,6.9,1.23,player.fcgi?id=lee---001you,2022
19,Sung Hyun Moon,30,0,1,0,3.27,45,0,15,0,0,13,41.1,34,16,15,3,14,0,32,1,0,2,168,1.161,7.4,0.7,3,7,2.29,player.fcgi?id=moon--001sun,2022
20,Un Hyun Noh,19,0,1,0,11.25,5,0,1,0,0,0,4,10,7,5,0,3,0,3,1,0,1,28,3.25,22.5,0,6.8,6.8,1,player.fcgi?id=noh---000unh,2022
21,Ju Seong Park,21,1,1,0.5,5.54,11,0,7,0,0,0,13,11,9,8,4,7,1,8,3,0,0,61,1.385,7.6,2.8,4.8,5.5,1.14,player.fcgi?id=park--004joo,2022
22,Seung Joo Park,28,1,0,1,4.32,27,0,11,0,0,0,25,20,12,12,3,21,0,22,3,0,2,116,1.64,7.2,1.1,7.6,7.9,1.05,player.fcgi?id=park--001seu,2022
23,Jung In Song,19,0,0,,22.5,1,0,0,0,0,0,2,4,5,5,0,3,0,0,0,0,0,13,3.5,18,0,13.5,0,0,player.fcgi?id=song--001jun,2022
24,Hyun Yang,29,3,2,0.6,5.15,25,0,7,0,0,2,36.2,39,23,21,4,17,2,14,1,0,1,167,1.527,9.6,1,4.2,3.4,0.82,player.fcgi?id=yang--000hyu,2022
25,Jeong-Hyeon Yoon,29,1,1,0.5,6.35,17,2,2,0,0,0,22.2,27,17,16,2,12,1,17,5,0,0,106,1.721,10.7,0.8,4.8,6.8,1.42,player.fcgi?id=yoon--001jeo,2022
1,Woo Jin An,23,9,7,0.5625,2.39,24,24,0,0,0,0,150.2,121,44,40,5,38,1,164,1,0,8,608,1.055,7.2,0.3,2.3,9.8,4.32,player.fcgi?id=ahn---000woo,2023
2,Si Won Byeon,30,0,0,,42.43,4,0,0,0,0,0,2.1,6,11,11,1,4,0,2,2,0,0,19,4.286,23.1,3.9,15.4,7.7,0.5,player.fcgi?id=byeon-000jin,2023
3,Young Gun Cho,24,0,0,,0,6,0,0,0,0,0,7.2,5,0,0,0,2,0,7,0,0,0,27,0.913,5.9,0,2.3,8.2,3.5,player.fcgi?id=jo----000you,2023
5,Yeong Min Ha,28,3,1,0.75,4.64,57,0,7,0,0,0,52.1,67,36,27,4,25,3,51,1,0,6,247,1.758,11.5,0.7,4.3,8.8,2.04,player.fcgi?id=ha----000yeo,2023
6,Sung Min Hong,33,0,0,,9,2,0,2,0,0,0,2,5,2,2,1,1,0,1,0,0,1,12,3,22.5,4.5,4.5,4.5,1,player.fcgi?id=hong--003sun,2023
7,Jae Young Jang,21,1,5,0.1666666666666666,5.53,23,17,0,0,0,0,71.2,63,46,44,4,66,0,67,8,2,8,339,1.8,7.9,0.5,8.3,8.4,1.02,player.fcgi?id=jang--004jae,2023
8,Chan Heon Jeong,33,2,8,0.2,4.75,14,14,1,1,0,0,72,71,40,38,4,13,1,35,2,0,0,295,1.167,8.9,0.5,1.6,4.4,2.69,player.fcgi?id=jeong-000cha,2023
9,Eric Jokisch,33,5,3,0.625,4.39,12,12,0,0,0,0,65.2,82,37,32,3,14,1,51,3,0,1,286,1.462,11.2,0.4,1.9,7,3.64,player.fcgi?id=jokisc001eri,2023
10,Seung Woo Ju,23,0,1,0,9.56,11,2,1,0,0,0,16,20,18,17,1,21,0,8,2,0,3,90,2.563,11.3,0.6,11.8,4.5,0.38,player.fcgi?id=ju----000seu,2023
11,Ariel Jurado,27,11,8,0.5789473684210527,2.65,30,30,0,0,0,0,183.2,164,64,54,7,41,0,147,9,0,5,763,1.116,8,0.3,2,7.2,3.59,player.fcgi?id=jurado000ari,2023
12,Dong Hyeok Kim,21,1,7,0.125,7.32,35,2,11,0,0,0,39.1,51,34,32,1,18,0,24,6,2,0,192,1.754,11.7,0.2,4.1,5.5,1.33,player.fcgi?id=kim---022don,2023
14,Gun Hee Kim,18,0,0,,22.5,3,0,2,0,0,0,2,6,5,5,2,2,0,0,0,0,0,14,4,27,9,9,0,0,player.fcgi?id=kim---000gun,2023
15,Jae Woong Kim,24,2,3,0.4,4.22,67,0,11,0,0,6,59.2,56,29,28,2,24,1,46,0,0,0,250,1.341,8.4,0.3,3.6,6.9,1.92,player.fcgi?id=kim---029jae,2023
16,Joon Hyoung Kim,20,0,0,,7.04,8,0,3,0,0,0,7.2,4,6,6,0,6,0,5,3,0,0,36,1.304,4.7,0,7,5.9,0.83,player.fcgi?id=kim---007joo,2023
17,Seon Gi Kim,31,1,3,0.25,5.98,17,7,6,0,0,1,43.2,56,37,29,2,15,0,29,1,1,0,200,1.626,11.5,0.4,3.1,6,1.93,player.fcgi?id=kim---001seo,2023
18,Seong Jin Kim,25,3,3,0.5,3.64,55,0,16,0,0,0,47,44,19,19,5,25,2,38,1,0,0,208,1.468,8.4,1,4.8,7.3,1.52,player.fcgi?id=kim---048seo,2023
20,Jong Min Lee,22,0,1,0,7.24,11,2,4,0,0,0,13.2,22,13,11,0,6,0,10,1,0,0,72,2.049,14.5,0,4,6.6,1.67,player.fcgi?id=lee---017jon,2023
21,Myeong Jong Lee,20,5,5,0.5,5.21,45,2,7,0,0,0,57,66,34,33,5,24,0,26,6,0,0,260,1.579,10.4,0.8,3.8,4.1,1.08,player.fcgi?id=lee---005mye,2023
22,Seung Ho Lee,24,0,0,,5.4,4,1,0,0,0,0,5,5,3,3,1,4,0,1,0,0,0,24,1.8,9,1.8,7.2,1.8,0.25,player.fcgi?id=lee---015seu,2023
23,Young Jun Lee,31,0,1,0,21.6,2,0,0,0,0,0,1.2,4,4,4,0,1,0,0,0,0,1,10,3,21.6,0,5.4,0,0,player.fcgi?id=lee---001you,2023
24,Chang Min Lim,37,2,2,0.5,2.51,51,0,33,0,0,26,46.2,51,16,13,3,17,3,40,2,0,0,209,1.457,9.8,0.6,3.3,7.7,2.35,player.fcgi?id=lim---003cha,2023
25,Ian McKinney,28,1,9,0.1,6.52,12,12,0,0,0,0,59.1,61,46,43,10,36,0,39,1,1,3,268,1.635,9.3,1.5,5.5,5.9,1.08,player.fcgi?id=mckinn000ian,2023
26,Sung Hyun Moon,31,2,2,0.5,4.45,32,0,7,0,0,0,28.1,26,16,14,2,20,2,21,2,0,2,134,1.624,8.3,0.6,6.4,6.7,1.05,player.fcgi?id=moon--001sun,2023
27,Sang Won Oh,18,0,0,,6.6,11,1,7,0,0,0,15,18,11,11,0,9,0,7,3,0,0,74,1.8,10.8,0,5.4,4.2,0.78,player.fcgi?id=oh----002san,2023
28,Seung Joo Park,29,0,3,0,3.5,18,0,6,0,0,0,18,19,11,7,2,13,0,15,2,0,5,91,1.778,9.5,1,6.5,7.5,1.15,player.fcgi?id=park--001seu,2023
29,Jong-hyeon Won,35,1,1,0.5,5.79,20,0,1,0,0,0,18.2,24,16,12,3,5,1,17,1,0,2,87,1.554,11.6,1.4,2.4,8.2,3.4,player.fcgi?id=won---000jon,2023
30,Gi-hyun Yang,24,0,0,,13.5,1,0,0,0,0,0,0.2,1,1,1,0,3,0,2,0,0,0,6,6,13.5,0,40.5,27,0.67,player.fcgi?id=yang--000gi-,2023
31,Hyun Yang,30,0,5,0,5.05,54,0,12,0,0,0,57,83,38,32,5,21,1,16,0,1,0,262,1.825,13.1,0.8,3.3,2.5,0.76,player.fcgi?id=yang--000hyu,2023
32,Jeong-Hyeon Yoon,30,0,0,,1.5,5,0,2,0,0,0,6,5,2,1,0,6,0,2,0,0,1,26,1.833,7.5,0,9,3,0.33,player.fcgi?id=yoon--001jeo,2023
33,Seok Won Yun,19,2,0,1,4.5,21,0,3,0,0,0,24,29,17,12,2,8,1,8,0,0,1,110,1.542,10.9,0.8,3,3,1,player.fcgi?id=yun---006seo,2023
1,Sang Woo Cho,29,0,1,0,3.18,44,0,7,0,0,6,39.2,40,17,14,2,20,1,36,0,0,1,171,1.513,9.1,0.5,4.5,8.2,1.8,player.fcgi?id=cho---002san,2024
2,Young Gun Cho,25,2,1,0.6666666666666666,8.01,25,3,3,0,0,0,39.1,51,39,35,7,24,0,31,1,0,3,197,1.907,11.7,1.6,5.5,7.1,1.29,player.fcgi?id=jo----000you,2024
3,Enmanuel De Jesus,27,13,11,0.5416666666666666,3.68,30,30,0,0,0,0,171.1,171,78,70,22,44,1,178,14,1,6,728,1.255,9,1.2,2.3,9.4,4.05,player.fcgi?id=dejesu001enm,2024
4,Yeong Min Ha,29,9,8,0.5294117647058824,4.37,28,28,0,0,0,0,150.1,168,82,73,8,58,0,101,5,0,7,671,1.503,10.1,0.5,3.5,6,1.74,player.fcgi?id=ha----000yeo,2024
5,Chan Heon Jeong,34,0,2,0,7.88,4,4,0,0,0,0,16,26,14,14,3,3,0,5,1,0,0,74,1.813,14.6,1.7,1.7,2.8,1.67,player.fcgi?id=jeong-000cha,2024
6,Jun Pyo Jhun,19,2,4,0.3333333333333333,6.83,18,5,4,0,0,0,27.2,35,28,21,4,20,0,18,5,0,4,144,1.988,11.4,1.3,6.5,5.9,0.9,player.fcgi?id=jhun--000jun,2024
7,Seung Woo Ju,24,4,6,0.4,4.35,55,0,35,0,0,14,51.2,50,25,25,4,18,5,43,5,0,1,225,1.316,8.7,0.7,3.1,7.5,2.39,player.fcgi?id=ju----000seu,2024
8,Ariel Jurado,28,10,8,0.5555555555555556,3.36,30,30,0,0,0,0,190.1,185,78,71,19,32,0,169,9,1,3,779,1.14,8.7,0.9,1.5,8,5.28,player.fcgi?id=jurado000ari,2024
9,Dong Hyeok Kim,22,0,2,0,6.85,17,0,8,0,0,0,22.1,27,21,17,7,10,0,9,2,0,0,102,1.657,10.9,2.8,4,3.6,0.9,player.fcgi?id=kim---022don,2024
10,Dong Kyu Kim,19,0,0,,54,2,0,1,0,0,0,0.1,1,2,2,0,2,0,0,0,0,0,4,9,27,0,54,0,0,player.fcgi?id=kim---029don,2024
11,Dong Uk Kim,27,2,1,0.6666666666666666,5,37,0,11,0,0,0,36,33,20,20,4,6,1,18,2,0,1,146,1.083,8.3,1,1.5,4.5,3,player.fcgi?id=kim---023don,2024
12,In-beom Kim,24,2,7,0.2222222222222222,5.4,19,14,4,0,0,0,63.1,75,40,38,9,31,0,27,8,1,3,297,1.674,10.7,1.3,4.4,3.8,0.87,player.fcgi?id=kim---007in-,2024
13,Jae Woong Kim,25,0,2,0,3.42,26,0,1,0,0,0,23.2,24,9,9,2,12,1,19,1,0,1,107,1.521,9.1,0.8,4.6,7.2,1.58,player.fcgi?id=kim---029jae,2024
14,Seon Gi Kim,32,6,4,0.6,5.54,42,6,4,0,0,0,76.1,91,51,47,13,30,1,43,6,0,6,357,1.585,10.7,1.5,3.5,5.1,1.43,player.fcgi?id=kim---001seo,2024
15,Seong Min Kim,30,3,4,0.4285714285714285,4.34,46,0,4,0,0,0,45.2,45,24,22,5,17,0,34,1,1,3,188,1.358,8.9,1,3.4,6.7,2,player.fcgi?id=kim---043seo,2024
16,Yeon Ju Kim,20,1,1,0.5,6.61,34,0,11,0,0,0,31.1,34,24,23,5,17,1,18,5,0,2,148,1.628,9.8,1.4,4.9,5.2,1.06,player.fcgi?id=kim---017yeo,2024
17,Yun Ha Kim,19,1,6,0.1428571428571428,6.04,19,12,0,0,0,0,79,93,57,53,6,35,0,43,4,1,3,363,1.62,10.6,0.7,4,4.9,1.23,player.fcgi?id=kim---004yun,2024
18,Jong Min Lee,23,1,8,0.1111111111111111,7.63,12,9,0,0,0,0,43.2,56,39,37,9,22,2,21,5,1,0,212,1.786,11.5,1.9,4.5,4.3,0.95,player.fcgi?id=lee---017jon,2024
19,Myeong Jong Lee,21,0,1,0,8.18,10,0,7,0,0,0,11,20,10,10,4,5,1,4,0,0,1,58,2.273,16.4,3.3,4.1,3.3,0.8,player.fcgi?id=lee---005mye,2024
20,Sung Hyun Moon,32,1,2,0.3333333333333333,6.57,42,0,12,0,0,3,38.1,54,28,28,3,25,0,31,2,0,2,189,2.061,12.7,0.7,5.9,7.3,1.24,player.fcgi?id=moon--001sun,2024
21,Seok Ju Oh,26,1,1,0.5,11.12,17,0,7,0,0,0,17,28,21,21,0,11,1,16,3,0,2,92,2.294,14.8,0,5.8,8.5,1.45,player.fcgi?id=ok----000seo,2024
22,Beom Jun Park,20,0,1,0,13.5,5,0,3,0,0,0,5.1,7,8,8,1,4,0,8,1,0,2,28,2.063,11.8,1.7,6.8,13.5,2,player.fcgi?id=park--000beo,2024
23,Seung Joo Park,30,0,1,0,6.75,15,0,6,0,0,0,17.1,16,13,13,2,9,0,13,1,0,3,74,1.442,8.3,1,4.7,6.8,1.44,player.fcgi?id=park--001seu,2024
24,Yun Sung Park,20,0,0,,5.79,17,0,7,0,0,0,18.2,14,12,12,5,9,0,14,0,0,2,81,1.232,6.8,2.4,4.3,6.8,1.56,player.fcgi?id=park--001yun,2024
25,Hyeon Gi Son,18,0,1,0,7.53,6,2,2,0,0,0,14.1,17,14,12,2,8,0,9,3,0,3,69,1.744,10.7,1.3,5,5.7,1.13,player.fcgi?id=son---002hye,2024
26,Jong-hyeon Won,36,0,0,,4.91,4,0,0,0,0,0,3.2,4,2,2,0,3,0,4,0,0,2,18,1.909,9.8,0,7.4,9.8,1.33,player.fcgi?id=won---000jon,2024
27,Gi-hyun Yang,25,0,2,0,6.27,21,0,2,0,0,0,18.2,16,13,13,1,13,0,7,2,0,0,83,1.554,7.7,0.5,6.3,3.4,0.54,player.fcgi?id=yang--000gi-,2024
28,Jeong-Hyeon Yoon,31,0,0,,9,2,0,2,0,0,0,3,4,3,3,0,2,0,1,0,0,0,15,2,12,0,6,3,0.5,player.fcgi?id=yoon--001jeo,2024
29,Seok Won Yun,20,0,1,0,11.42,11,1,3,0,0,0,17.1,31,24,22,3,7,0,1,2,1,3,88,2.192,16.1,1.6,3.6,0.5,0.14,player.fcgi?id=yun---006seo,2024
1,Raúl Alcántara,32,8,4,0.6666666666666666,3.27,19,19,0,0,0,0,121,125,50,44,11,10,0,92,4,0,3,492,1.116,9.3,0.8,0.7,6.8,9.2,player.fcgi?id=alcant001rau,2025
2,Young Gun Cho,26,5,5,0.5,5.68,51,6,16,0,0,8,77.2,84,51,49,12,38,0,47,4,0,5,353,1.571,9.7,1.4,4.4,5.4,1.24,player.fcgi?id=jo----000you,2025
3,Se Young Chung,18,0,1,0,16.88,4,1,1,0,0,0,2.2,9,6,5,0,4,0,2,0,0,1,22,4.875,30.4,0,13.5,6.8,0.5,player.fcgi?id=chung-000sey,2025
4,Cristopher Crisostomo,31,3,3,0.5,4.47,8,8,0,0,0,0,46.1,54,24,23,5,9,0,41,0,1,2,197,1.36,10.5,1,1.7,8,4.56,player.fcgi?id=crisos000chr,2025
5,Yeong Min Ha,30,7,14,0.3333333333333333,4.99,28,28,0,0,0,0,153.1,169,90,85,13,41,1,134,9,0,7,669,1.37,9.9,0.8,2.4,7.9,3.27,player.fcgi?id=ha----000yeo,2025
6,Jun Pyo Jhun,20,2,2,0.5,8.85,21,1,4,0,0,0,20.1,33,22,20,2,19,3,15,3,0,3,114,2.557,14.6,0.9,8.4,6.6,0.79,player.fcgi?id=jhun--000jun,2025
7,Seung Woo Ju,25,2,2,0.5,2.45,42,0,25,0,0,16,44,35,13,12,7,17,0,35,2,0,1,179,1.182,7.2,1.4,3.5,7.2,2.06,player.fcgi?id=ju----000seu,2025
8,Hyun Woo Jung,19,3,7,0.3,5.86,18,18,0,0,0,0,81.1,92,63,53,8,48,0,55,6,2,4,384,1.721,10.2,0.9,5.3,6.1,1.15,player.fcgi?id=jung--000hyu,2025
9,Dong Kyu Kim,20,0,0,,6.75,9,0,6,0,0,0,8,13,11,6,2,11,0,10,0,0,4,49,3,14.6,2.3,12.4,11.3,0.91,player.fcgi?id=kim---029don,2025
10,Seo Jun Kim,18,0,0,,20.25,4,0,2,0,0,0,5.1,14,12,12,2,5,0,4,0,0,1,34,3.563,23.6,3.4,8.4,6.8,0.8,player.fcgi?id=kim---052seo,2025
11,Seon Gi Kim,33,1,7,0.125,5.65,44,8,7,0,0,0,78,96,55,49,6,47,1,43,11,0,2,381,1.833,11.1,0.7,5.4,5,0.91,player.fcgi?id=kim---001seo,2025
12,Seong Min Kim,31,0,3,0,4.68,29,0,5,0,0,0,25,25,15,13,1,13,1,18,5,0,0,113,1.52,9,0.4,4.7,6.5,1.38,player.fcgi?id=kim---043seo,2025
13,Yeon Ju Kim,21,1,3,0.25,6.62,20,8,1,0,0,0,51.2,67,40,38,10,25,2,28,6,0,0,250,1.781,11.7,1.7,4.4,4.9,1.12,player.fcgi?id=kim---017yeo,2025
14,Yun Ha Kim,20,0,12,0,6.14,19,18,0,0,0,0,88,113,76,60,16,44,1,52,3,0,2,422,1.784,11.6,1.6,4.5,5.3,1.18,player.fcgi?id=kim---004yun,2025
15,Jun Woo Lee,24,1,4,0.2,8.61,31,0,4,0,0,0,23,37,23,22,6,12,0,22,1,0,0,118,2.13,14.5,2.3,4.7,8.6,1.83,player.fcgi?id=lee---013jun,2025
16,Kang Jun Lee,23,0,3,0,6.57,29,0,3,0,0,0,24.2,29,22,18,3,17,0,26,2,0,2,119,1.865,10.6,1.1,6.2,9.5,1.53,player.fcgi?id=lee---000kan,2025
17,Jin Muk Lim,19,0,0,,24.55,4,0,2,0,0,0,3.2,10,11,10,0,5,0,3,1,0,1,28,4.091,24.5,0,12.3,7.4,0.6,player.fcgi?id=lim---001jin,2025
18,Seok Ju Oh,27,2,1,0.6666666666666666,3.7,53,0,15,0,0,0,58.1,52,24,24,4,29,0,44,7,0,3,252,1.389,8,0.6,4.5,6.8,1.52,player.fcgi?id=ok----000seo,2025
19,Jeong Hun Park,19,0,1,0,7.43,16,3,8,0,0,1,23,24,24,19,1,20,0,7,4,0,3,116,1.913,9.4,0.4,7.8,2.7,0.35,player.fcgi?id=park--008jeo,2025
20,Ju Seong Park,24,2,3,0.4,6.58,18,6,5,0,0,0,52,63,40,38,9,16,0,26,3,0,2,235,1.519,10.9,1.6,2.8,4.5,1.63,player.fcgi?id=park--004joo,2025
21,Yun Sung Park,21,0,5,0,4.53,54,0,11,0,0,1,51.2,55,31,26,9,19,0,40,1,1,4,226,1.432,9.6,1.6,3.3,7,2.11,player.fcgi?id=park--001yun,2025
22,Kenny Rosenberg,29,4,4,0.5,3.23,13,13,0,0,0,0,75.1,63,33,27,5,25,0,80,4,0,2,320,1.168,7.5,0.6,3,9.6,3.2,player.fcgi?id=rosenb000ken,2025
23,Him Chan Son,22,0,0,,11.25,4,0,2,0,0,0,4,5,5,5,0,4,0,4,1,0,1,22,2.25,11.3,0,9,9,1,player.fcgi?id=son---000him,2025
24,Hyeon Gi Son,19,0,0,,15,2,0,0,0,0,0,3,4,5,5,1,6,0,1,1,0,1,18,3.333,12,3,18,3,0.17,player.fcgi?id=son---002hye,2025
25,Lachlan Wells,28,1,1,0.5,3.15,4,4,0,0,0,0,20,18,8,7,0,6,0,16,1,0,0,85,1.2,8.1,0,2.7,7.2,2.67,player.fcgi?id=wells-000lac,2025
26,Jong-hyeon Won,37,2,4,0.3333333333333333,6.13,61,0,13,0,0,5,54.1,68,42,37,5,18,2,40,3,0,6,248,1.583,11.3,0.8,3,6.6,2.22,player.fcgi?id=won---000jon,2025
27,Gi-hyun Yang,26,0,2,0,8.36,18,0,4,0,0,0,14,18,13,13,3,7,0,10,3,0,1,69,1.786,11.6,1.9,4.5,6.4,1.43,player.fcgi?id=yang--000gi-,2025
28,Hyun Yoon,18,2,1,0.6666666666666666,8.59,17,3,0,0,0,0,22,31,28,21,2,23,0,15,5,0,5,125,2.455,12.7,0.8,9.4,6.1,0.65,player.fcgi?id=yoon--000hyu,2025
29,Seok Won Yun,21,1,1,0.5,5.54,37,0,10,0,0,0,37.1,41,23,23,3,12,2,27,2,0,0,160,1.42,9.9,0.7,2.9,6.5,2.25,player.fcgi?id=yun---006seo,2025